Transcript,Sentence,Detected Labels,Active Path
1,ආයුබෝවන් මම ශාමිලා.,NONE,ROOT
1,මට පුළුවන්ද ඔබට සහාය වන්න?,NONE,ROOT
1,හෙලෝ,NONE,ROOT
1,ආ හෙලෝ මිස්.,NONE,ROOT
1,මේ නම්බර් එකේ තියෙන පියෝ ටීවී ලයින් එක අද කපලා.,DISCONNECTION,ROOT -> MONTHLY_BILL -> BILL_EXPLANATION_ASKED -> DISCONNECTION
1,මේ අපිට කීයක් ගෙවන්න ඕන කියලා පොඩ්ඩක් බලාගන්න පුළුවන්ද?,BILL_EXPLANATION_ASKED,ROOT -> MONTHLY_BILL -> BILL_EXPLANATION_ASKED
1,ඔව්,NONE,ROOT -> MONTHLY_BILL -> BILL_EXPLANATION_ASKED
1,අයිතිකරුගේ නම තියෙන්නේ කොහොමද?,NONE,ROOT -> MONTHLY_BILL -> BILL_EXPLANATION_ASKED
1,අ විස්නා ශාම් රණවීර කියලා.,NONE,ROOT -> MONTHLY_BILL -> BILL_EXPLANATION_ASKED
1,6353ක බිල් එකක් තියෙනවා.,BILL_EXPLANATION_ASKED,ROOT -> MONTHLY_BILL -> BILL_EXPLANATION_ASKED
1,ආ හා.,NONE,ROOT -> MONTHLY_BILL -> BILL_EXPLANATION_ASKED
1,කීයක් දැම්මොත් ඇක්ටිව් වෙන්න පුළුවන්ද?,NONE,ROOT -> MONTHLY_BILL -> BILL_EXPLANATION_ASKED
1,කරුණාකර අමතතුමා නැදී සිටින්න.,NONE,ROOT -> MONTHLY_BILL -> BILL_EXPLANATION_ASKED
1,රඳී සිටියාට ස්තූතියි.,NONE,ROOT -> MONTHLY_BILL -> BILL_EXPLANATION_ASKED
1,අ මේ තියෙන බිල් එකට 6353ක් තියෙනවා.,NONE,ROOT -> MONTHLY_BILL -> BILL_EXPLANATION_ASKED
1,ලයින් එක ඇක්ටිව් කරගන්න පුළුවන් 3800ක පේමන්ට් එකක් කරොත් දැනට.,NONE,ROOT -> MONTHLY_BILL -> BILL_EXPLANATION_ASKED
1,4000ක් දැම්මොත් හරි නේද?,NONE,ROOT -> MONTHLY_BILL -> BILL_EXPLANATION_ASKED
1,ඔව්.,NONE,ROOT -> MONTHLY_BILL -> BILL_EXPLANATION_ASKED
1,ඔව්.,NONE,ROOT -> MONTHLY_BILL -> BILL_EXPLANATION_ASKED
1,එතකොට මිස් මේ මට මං ඕක මේ හෙට උදේට දාන්න මට ලයින් එක දෙන්න පුළුවන්ද?,NONE,ROOT -> MONTHLY_BILL -> BILL_EXPLANATION_ASKED
1,248කට ලයින් එක ඇක්ටිව් කරගන්න පුළුවන්ද කියලා මම චෙක් කරලා බලන්නම්.,NONE,ROOT -> MONTHLY_BILL -> BILL_EXPLANATION_ASKED
1,කරුණාකර අමතතුමා රඳී සිටින්න.,NONE,ROOT -> MONTHLY_BILL -> BILL_EXPLANATION_ASKED
1,හරි හරි.,NONE,ROOT -> MONTHLY_BILL -> BILL_EXPLANATION_ASKED
1,රඳී සිටියාට ස්තූතියි.,NONE,ROOT -> MONTHLY_BILL -> BILL_EXPLANATION_ASKED
1,ටෙම්පරරි රිකනෙක්ට් වෙන්නේ නෑ.,TEMP_CONNECT_CANNOT,ROOT -> MONTHLY_BILL -> BILL_EXPLANATION_ASKED -> DISCONNECTION -> TEMP_CONNECT_CANNOT
1,පේමන්ට් එක මේ අප්ඩේට් වෙන්න ඕනේ රිජෙක්ට් වෙනවා මැඩම්.,NOT_UPDATED,ROOT -> MONTHLY_BILL -> BILL_EXPLANATION_ASKED -> DISCONNECTION -> PAYMENT_DONE -> NOT_UPDATED
1,ආ හා හා හා.,NONE,ROOT -> MONTHLY_BILL -> BILL_EXPLANATION_ASKED -> DISCONNECTION -> PAYMENT_DONE -> NOT_UPDATED
1,හරි මම දැන් දාන්නේ.,NONE,ROOT -> MONTHLY_BILL -> BILL_EXPLANATION_ASKED -> DISCONNECTION -> PAYMENT_DONE -> NOT_UPDATED
1,4000ක් දැම්මොත් ඇති නේද?,NONE,ROOT -> MONTHLY_BILL -> BILL_EXPLANATION_ASKED -> DISCONNECTION -> PAYMENT_DONE -> NOT_UPDATED
1,ඔව්.,NONE,ROOT -> MONTHLY_BILL -> BILL_EXPLANATION_ASKED -> DISCONNECTION -> PAYMENT_DONE -> NOT_UPDATED
1,හරි හරි හරි.,NONE,ROOT -> MONTHLY_BILL -> BILL_EXPLANATION_ASKED -> DISCONNECTION -> PAYMENT_DONE -> NOT_UPDATED
1,එතකොට දාලා ලම දෙයක් දෙනවා නේද?,NONE,ROOT -> MONTHLY_BILL -> BILL_EXPLANATION_ASKED -> DISCONNECTION -> PAYMENT_DONE -> NOT_UPDATED
1,ලයින් එක ඔටෝ ඇක්ටිව් වෙනවා සර්.,NONE,ROOT -> MONTHLY_BILL -> BILL_EXPLANATION_ASKED -> DISCONNECTION -> PAYMENT_DONE -> NOT_UPDATED
1,හරි හරි හරි.,NONE,ROOT -> MONTHLY_BILL -> BILL_EXPLANATION_ASKED -> DISCONNECTION -> PAYMENT_DONE -> NOT_UPDATED
1,වෙනත් සමන්ත දැනගැනීමට අවශ්‍යද?,NONE,ROOT -> MONTHLY_BILL -> BILL_EXPLANATION_ASKED -> DISCONNECTION -> PAYMENT_DONE -> NOT_UPDATED
1,නෑ නෑ.,NONE,ROOT -> MONTHLY_BILL -> BILL_EXPLANATION_ASKED -> DISCONNECTION -> PAYMENT_DONE -> NOT_UPDATED
1,හරි හරි හරි.,NONE,ROOT -> MONTHLY_BILL -> BILL_EXPLANATION_ASKED -> DISCONNECTION -> PAYMENT_DONE -> NOT_UPDATED
1,එක්ස්කියුස් මී.,NONE,ROOT -> MONTHLY_BILL -> BILL_EXPLANATION_ASKED -> DISCONNECTION -> PAYMENT_DONE -> NOT_UPDATED
1,මා ලබාදුන් සේවය ඇගයීම සඳහා රඳී සිටින්න.,NONE,ROOT -> MONTHLY_BILL -> BILL_EXPLANATION_ASKED -> DISCONNECTION -> PAYMENT_DONE -> NOT_UPDATED
1,ස්තූතියි.,NONE,ROOT -> MONTHLY_BILL -> BILL_EXPLANATION_ASKED -> DISCONNECTION -> PAYMENT_DONE -> NOT_UPDATED
1,මම ඔබේ ඇමතුමට ස්තූතියි.,NONE,ROOT -> MONTHLY_BILL -> BILL_EXPLANATION_ASKED -> DISCONNECTION -> PAYMENT_DONE -> NOT_UPDATED
2,ආයුබෝවන් මම රේනුකා.,NONE,ROOT
2,මට පුළුවනි ඔබට සහය වන්න?,NONE,ROOT
2,ඔව් මගේ මිස් පොඩ්ඩක් බලනවාද අවුට්ස්ටෑන්ඩින් කොච්චරද කියලා.,BILL_EXPLANATION_ASKED,ROOT -> MONTHLY_BILL -> BILL_EXPLANATION_ASKED
2,මම චෙක් කරලා බලලා කියන්නම් මැඩම් එන්ටර් කරපු නම්බර් එකට අදාළවද කනෙක්ෂන් එක යූස් කරන්නේ?,NONE,ROOT -> MONTHLY_BILL -> BILL_EXPLANATION_ASKED
2,බිංදුවයි 71 24 19 871 කියන නම්බර් එකද?,NONE,ROOT -> MONTHLY_BILL -> BILL_EXPLANATION_ASKED
2,ඔව් ඔව්.,NONE,ROOT -> MONTHLY_BILL -> BILL_EXPLANATION_ASKED
2,ඒක වැරදි කියලා පොඩ්ඩක් බලන්නකෝ ඇක්ටිව් ද?,NONE,ROOT -> MONTHLY_BILL -> BILL_EXPLANATION_ASKED
2,මට මැඩම් කනෙක්ෂන් එකට අදාළව අයිතිකරුගේ නම දැනගන්න පුළුවන්ද?,NONE,ROOT -> MONTHLY_BILL -> BILL_EXPLANATION_ASKED
2,ඩී.එල්.,NONE,ROOT -> MONTHLY_BILL -> BILL_EXPLANATION_ASKED
2,අලිවියා.,NONE,ROOT -> MONTHLY_BILL -> BILL_EXPLANATION_ASKED
2,හරි කරුණාකර ඇමතුමේ රැඳී ඉන්න.,NONE,ROOT -> MONTHLY_BILL -> BILL_EXPLANATION_ASKED
2,මම ඩීටේල් ටික චෙක් කරලා බලලා කියන්නම්.,NONE,ROOT -> MONTHLY_BILL -> BILL_EXPLANATION_ASKED
2,කරුණාකර ඇමතුමේ රැඳී ඉන්න මැඩම්.,NONE,ROOT -> MONTHLY_BILL -> BILL_EXPLANATION_ASKED
2,හරි.,NONE,ROOT -> MONTHLY_BILL -> BILL_EXPLANATION_ASKED
2,ඔව් රැඳී සිටියාට ස්තූතියි.,NONE,ROOT -> MONTHLY_BILL -> BILL_EXPLANATION_ASKED
2,මැඩම් දැනට කනෙක්ෂන් එක බිල්පත් නිසා ඩිස්කනෙක්ට් වෙලා තියෙන්නේ.,"BILL_EXPLANATION_ASKED,DISCONNECTION",ROOT -> MONTHLY_BILL -> BILL_EXPLANATION_ASKED -> DISCONNECTION
2,"අ දැනට ඔව් නොවැම්බර් කාල sorry, නොවැම්බර් 30 දක්වා රුපියල් 13,462 62ක මුදලක් තියෙනවා.",BILL_EXPLANATION_ASKED,ROOT -> MONTHLY_BILL -> BILL_EXPLANATION_ASKED
2,බිල්පත අපි ඊමේල් එකක් හරහා සෙන්ඩ් කරන්නේ.,BILL_EXPLANATION_ASKED,ROOT -> MONTHLY_BILL -> BILL_EXPLANATION_ASKED
2,අ දෙසැම්බර් 22 තමයි ඩියු ඩේට් එක තිබිලා තියෙනවා නොවැම්බර් බිලටත්.,BILL_EXPLANATION_ASKED,ROOT -> MONTHLY_BILL -> BILL_EXPLANATION_ASKED
2,පේමන්ට් එක කළොත් කනෙක්ෂන් එක ඔටෝමැටිකලි ටික වෙලාවකින් ඇක්ටිව් වෙනවා.,NONE,ROOT -> MONTHLY_BILL -> BILL_EXPLANATION_ASKED
2,ඔව් දැන් මම පේමන්ට් එකක් කරලා තියෙනවා.,PAYMENT_DONE,ROOT -> MONTHLY_BILL -> BILL_EXPLANATION_ASKED -> DISCONNECTION -> PAYMENT_DONE
2,ඒක අප්ඩේට් වෙලා නැද්ද බලන්න.,NONE,ROOT -> MONTHLY_BILL -> BILL_EXPLANATION_ASKED -> DISCONNECTION -> PAYMENT_DONE
2,වෙරිෆයි කරන්න.,NONE,ROOT -> MONTHLY_BILL -> BILL_EXPLANATION_ASKED -> DISCONNECTION -> PAYMENT_DONE
2,ඔව් මැඩම් පේමන්ට් එකක් කරලා තියෙන්නේ දෙසැම්බර් 27 8000ක්.,PAYMENT_DONE,ROOT -> MONTHLY_BILL -> BILL_EXPLANATION_ASKED -> DISCONNECTION -> PAYMENT_DONE
2,ඊට පස්සේ පේමන්ට් එකක් කරාද?,NONE,ROOT -> MONTHLY_BILL -> BILL_EXPLANATION_ASKED -> DISCONNECTION -> PAYMENT_DONE
2,ඔව් අද කලා.,PAYMENT_DONE,ROOT -> MONTHLY_BILL -> BILL_EXPLANATION_ASKED -> DISCONNECTION -> PAYMENT_DONE
2,තාම නම් අප්ඩේට් වෙලා නැහැ.,NOT_UPDATED,ROOT -> MONTHLY_BILL -> BILL_EXPLANATION_ASKED -> DISCONNECTION -> PAYMENT_DONE -> NOT_UPDATED
2,පේ කරපු අමවුන්ට් එක කීයද කියලා දැනගන්න පුළුවන්ද මැඩම්?,NONE,ROOT -> MONTHLY_BILL -> BILL_EXPLANATION_ASKED -> DISCONNECTION -> PAYMENT_DONE -> NOT_UPDATED
2,"20,000.",NONE,ROOT -> MONTHLY_BILL -> BILL_EXPLANATION_ASKED -> DISCONNECTION -> PAYMENT_DONE -> NOT_UPDATED
2,මට ඩීටේල්ස් ටික දෙන්න පුළුවන්ද?,NONE,ROOT -> MONTHLY_BILL -> BILL_EXPLANATION_ASKED -> DISCONNECTION -> PAYMENT_DONE -> NOT_UPDATED
2,ඔන්ලයින්ද කොහොමද පේමන්ට් එක කළේ?,NONE,ROOT -> MONTHLY_BILL -> BILL_EXPLANATION_ASKED -> DISCONNECTION -> PAYMENT_DONE -> NOT_UPDATED
2,ඔන්ලයින්.,NONE,ROOT -> MONTHLY_BILL -> BILL_EXPLANATION_ASKED -> DISCONNECTION -> PAYMENT_DONE -> NOT_UPDATED
2,ඔන්ලයින් කළේ.,NONE,ROOT -> MONTHLY_BILL -> BILL_EXPLANATION_ASKED -> DISCONNECTION -> PAYMENT_DONE -> NOT_UPDATED
2,ඔන්ලයින්.,NONE,ROOT -> MONTHLY_BILL -> BILL_EXPLANATION_ASKED -> DISCONNECTION -> PAYMENT_DONE -> NOT_UPDATED
2,බැංක් එකවුන්ට් එකෙන් මැඩම්ගේ අමවුන්ට් එක ඩිඩක්ට් වුණාද?,NONE,ROOT -> MONTHLY_BILL -> BILL_EXPLANATION_ASKED -> DISCONNECTION -> PAYMENT_DONE -> NOT_UPDATED
2,ඔව් ඔව්.,NONE,ROOT -> MONTHLY_BILL -> BILL_EXPLANATION_ASKED -> DISCONNECTION -> PAYMENT_DONE -> NOT_UPDATED
2,ට්‍රාන්සක්ෂන් රෙෆරන්ස් නම්බර් එකක් මැඩම් ලබා ගත්තාද?,NONE,ROOT -> MONTHLY_BILL -> BILL_EXPLANATION_ASKED -> DISCONNECTION -> PAYMENT_DONE -> NOT_UPDATED
2,රිසිට්.,NONE,ROOT -> MONTHLY_BILL -> BILL_EXPLANATION_ASKED -> DISCONNECTION -> PAYMENT_DONE -> NOT_UPDATED
2,නැහැ ගොඩක් වෙලා පේමන්ට් එක කරලා.,PAYMENT_DONE,ROOT -> MONTHLY_BILL -> BILL_EXPLANATION_ASKED -> DISCONNECTION -> PAYMENT_DONE
2,ඔව් ඔව්.,NONE,ROOT -> MONTHLY_BILL -> BILL_EXPLANATION_ASKED -> DISCONNECTION -> PAYMENT_DONE
2,බැංක් එකවුන්ට් එකේනේ ඒක.,NONE,ROOT -> MONTHLY_BILL -> BILL_EXPLANATION_ASKED -> DISCONNECTION -> PAYMENT_DONE
2,හරි.,NONE,ROOT -> MONTHLY_BILL -> BILL_EXPLANATION_ASKED -> DISCONNECTION -> PAYMENT_DONE
2,මම එහෙනම් කම්ප්ලේන් එකක් දාන්නම්.,NONE,ROOT -> MONTHLY_BILL -> BILL_EXPLANATION_ASKED -> DISCONNECTION -> PAYMENT_DONE
2,මට පේ කරපු වෙලාව කියන්න.,NONE,ROOT -> MONTHLY_BILL -> BILL_EXPLANATION_ASKED -> DISCONNECTION -> PAYMENT_DONE
2,ම් දැන් පොඩ්ඩක් ඉන්න.,NONE,ROOT -> MONTHLY_BILL -> BILL_EXPLANATION_ASKED -> DISCONNECTION -> PAYMENT_DONE
2,අ ඔයාලගේ ෆෝන් කොල් එක.,NONE,ROOT -> MONTHLY_BILL -> BILL_EXPLANATION_ASKED -> DISCONNECTION -> PAYMENT_DONE
2,බස්සන කෑලි කරලම නේ මැඩම් මම ඇඩුවා දැන් මම ට්‍රැක් කරලා ඉන්නවා නම් මුකුත් නැහැ දැන්.,NONE,ROOT -> MONTHLY_BILL -> BILL_EXPLANATION_ASKED -> DISCONNECTION -> PAYMENT_DONE
2,අනේ ඔය වැඩක් නැහැ.,NONE,ROOT -> MONTHLY_BILL -> BILL_EXPLANATION_ASKED -> DISCONNECTION -> PAYMENT_DONE
2,වැඩක් නැහැ බොරු වැඩ ඔක්කොම.,NONE,ROOT -> MONTHLY_BILL -> BILL_EXPLANATION_ASKED -> DISCONNECTION -> PAYMENT_DONE
2,ටීඑන් ශ්‍රී ලංකාය.,NONE,ROOT -> MONTHLY_BILL -> BILL_EXPLANATION_ASKED -> DISCONNECTION -> PAYMENT_DONE
2,අරවයි මේවයි.,NONE,ROOT -> MONTHLY_BILL -> BILL_EXPLANATION_ASKED -> DISCONNECTION -> PAYMENT_DONE
2,අ හරි.,NONE,ROOT -> MONTHLY_BILL -> BILL_EXPLANATION_ASKED -> DISCONNECTION -> PAYMENT_DONE
2,දැන් මම ආයේ පොඩ්ඩක්.,NONE,ROOT -> MONTHLY_BILL -> BILL_EXPLANATION_ASKED -> DISCONNECTION -> PAYMENT_DONE
2,ඔව්.,NONE,ROOT -> MONTHLY_BILL -> BILL_EXPLANATION_ASKED -> DISCONNECTION -> PAYMENT_DONE
2,අ 7:45ට.,NONE,ROOT -> MONTHLY_BILL -> BILL_EXPLANATION_ASKED -> DISCONNECTION -> PAYMENT_DONE
2,7:45ට.,NONE,ROOT -> MONTHLY_BILL -> BILL_EXPLANATION_ASKED -> DISCONNECTION -> PAYMENT_DONE
2,ඔව්.,NONE,ROOT -> MONTHLY_BILL -> BILL_EXPLANATION_ASKED -> DISCONNECTION -> PAYMENT_DONE
2,අ යූස් කරපු බැංක් එක මොකක්ද මැඩම්?,NONE,ROOT -> MONTHLY_BILL -> BILL_EXPLANATION_ASKED -> DISCONNECTION -> PAYMENT_DONE
2,එන්.ටී.බී.,NONE,ROOT -> MONTHLY_BILL -> BILL_EXPLANATION_ASKED -> DISCONNECTION -> PAYMENT_DONE
2,නේෂන් ට්‍රස්ට් බැංක්.,NONE,ROOT -> MONTHLY_BILL -> BILL_EXPLANATION_ASKED -> DISCONNECTION -> PAYMENT_DONE
2,නේෂන් ට්‍රස්ට් බැංක් එක නේද?,NONE,ROOT -> MONTHLY_BILL -> BILL_EXPLANATION_ASKED -> DISCONNECTION -> PAYMENT_DONE
2,ඔව්.,NONE,ROOT -> MONTHLY_BILL -> BILL_EXPLANATION_ASKED -> DISCONNECTION -> PAYMENT_DONE
2,7:45 නේද වෙලාව මැඩම්?,NONE,ROOT -> MONTHLY_BILL -> BILL_EXPLANATION_ASKED -> DISCONNECTION -> PAYMENT_DONE
2,ඔව් ඔව්.,NONE,ROOT -> MONTHLY_BILL -> BILL_EXPLANATION_ASKED -> DISCONNECTION -> PAYMENT_DONE
2,"20,000.",NONE,ROOT -> MONTHLY_BILL -> BILL_EXPLANATION_ASKED -> DISCONNECTION -> PAYMENT_DONE
2,හරි.,NONE,ROOT -> MONTHLY_BILL -> BILL_EXPLANATION_ASKED -> DISCONNECTION -> PAYMENT_DONE
2,මැඩම් ට්‍රාන්සක්ෂන් රෙෆරන්ස් නම්බර් එක දෙන්න පුළුවන්ද මැඩම්?,NONE,ROOT -> MONTHLY_BILL -> BILL_EXPLANATION_ASKED -> DISCONNECTION -> PAYMENT_DONE
2,හැලෝ මැඩම් ලයින් එකේද ඉන්නේ?,NONE,ROOT -> MONTHLY_BILL -> BILL_EXPLANATION_ASKED -> DISCONNECTION -> PAYMENT_DONE
2,ඔව් ඔව්.,NONE,ROOT -> MONTHLY_BILL -> BILL_EXPLANATION_ASKED -> DISCONNECTION -> PAYMENT_DONE
2,පොඩ්ඩක් ඉන්න.,NONE,ROOT -> MONTHLY_BILL -> BILL_EXPLANATION_ASKED -> DISCONNECTION -> PAYMENT_DONE
2,හරි.,NONE,ROOT -> MONTHLY_BILL -> BILL_EXPLANATION_ASKED -> DISCONNECTION -> PAYMENT_DONE
2,ඔයගොල්ලන්ට ඔක්කොම ඩීටේල්ස් වනවා.,NONE,ROOT -> MONTHLY_BILL -> BILL_EXPLANATION_ASKED -> DISCONNECTION -> PAYMENT_DONE
2,ඕක පොඩ්ඩක් බලන්න විදියක් නැද්ද?,NONE,ROOT -> MONTHLY_BILL -> BILL_EXPLANATION_ASKED -> DISCONNECTION -> PAYMENT_DONE
2,අප්ඩේට් වෙලා නැහැ මැඩම්.,NOT_UPDATED,ROOT -> MONTHLY_BILL -> BILL_EXPLANATION_ASKED -> DISCONNECTION -> PAYMENT_DONE -> NOT_UPDATED
2,එතකොට අපි කරන්නේ බිල් කම්ප්ලේන් එකක් දාලා කනෙක්ෂන් එක ඇක්ටිව් කරන එක.,NONE,ROOT -> MONTHLY_BILL -> BILL_EXPLANATION_ASKED -> DISCONNECTION -> PAYMENT_DONE -> NOT_UPDATED
2,බිලින් පැත්තෙන් තමයි ඔව්.,NONE,ROOT -> MONTHLY_BILL -> BILL_EXPLANATION_ASKED -> DISCONNECTION -> PAYMENT_DONE -> NOT_UPDATED
2,මැඩම්ට අප්ඩේට් එක ඔව්.,NONE,ROOT -> MONTHLY_BILL -> BILL_EXPLANATION_ASKED -> DISCONNECTION -> PAYMENT_DONE -> NOT_UPDATED
2,ඒක කරන්න විදියක් නැද්ද?,NONE,ROOT -> MONTHLY_BILL -> BILL_EXPLANATION_ASKED -> DISCONNECTION -> PAYMENT_DONE -> NOT_UPDATED
2,මම ඇක්ටිව් කරන්නම්.,NONE,ROOT -> MONTHLY_BILL -> BILL_EXPLANATION_ASKED -> DISCONNECTION -> PAYMENT_DONE -> NOT_UPDATED
2,කම්ප්ලේන් එක දාලා ටික වෙලාවකින් කම්ප්ලීට් වෙයි නෑ.,NONE,ROOT -> MONTHLY_BILL -> BILL_EXPLANATION_ASKED -> DISCONNECTION -> PAYMENT_DONE -> NOT_UPDATED
2,මට ට්‍රාන්සක්ෂන් නම්බර් එක දෙන්න පුළුවන්ද?,NONE,ROOT -> MONTHLY_BILL -> BILL_EXPLANATION_ASKED -> DISCONNECTION -> PAYMENT_DONE -> NOT_UPDATED
2,ට්‍රාන්සක්ෂන් නම්බර් එක එස්.,NONE,ROOT -> MONTHLY_BILL -> BILL_EXPLANATION_ASKED -> DISCONNECTION -> PAYMENT_DONE -> NOT_UPDATED
2,එස්.,NONE,ROOT -> MONTHLY_BILL -> BILL_EXPLANATION_ASKED -> DISCONNECTION -> PAYMENT_DONE -> NOT_UPDATED
2,අ 873යි.,NONE,ROOT -> MONTHLY_BILL -> BILL_EXPLANATION_ASKED -> DISCONNECTION -> PAYMENT_DONE -> NOT_UPDATED
2,873යි.,NONE,ROOT -> MONTHLY_BILL -> BILL_EXPLANATION_ASKED -> DISCONNECTION -> PAYMENT_DONE -> NOT_UPDATED
2,295යි.,NONE,ROOT -> MONTHLY_BILL -> BILL_EXPLANATION_ASKED -> DISCONNECTION -> PAYMENT_DONE -> NOT_UPDATED
2,295යි.,NONE,ROOT -> MONTHLY_BILL -> BILL_EXPLANATION_ASKED -> DISCONNECTION -> PAYMENT_DONE -> NOT_UPDATED
2,ඔව්.,NONE,ROOT -> MONTHLY_BILL -> BILL_EXPLANATION_ASKED -> DISCONNECTION -> PAYMENT_DONE -> NOT_UPDATED
2,කතා කරන අයිතිකරු මට කතා කරන්නේ මැඩම්.,NONE,ROOT -> MONTHLY_BILL -> BILL_EXPLANATION_ASKED -> DISCONNECTION -> PAYMENT_DONE -> NOT_UPDATED
2,අ ඔව් ඔව්.,NONE,ROOT -> MONTHLY_BILL -> BILL_EXPLANATION_ASKED -> DISCONNECTION -> PAYMENT_DONE -> NOT_UPDATED
2,කන්ටැක්ට් මොබයිල් නම්බර් එක මැඩම් මට කෝල් කරන නම්බර් එකද?,NONE,ROOT -> MONTHLY_BILL -> BILL_EXPLANATION_ASKED -> DISCONNECTION -> PAYMENT_DONE -> NOT_UPDATED
2,ඔව් ඔව්.,NONE,ROOT -> MONTHLY_BILL -> BILL_EXPLANATION_ASKED -> DISCONNECTION -> PAYMENT_DONE -> NOT_UPDATED
2,මම බිල් කම්ප්ලේන් එකක් යොමු කරා.,NONE,ROOT -> MONTHLY_BILL -> BILL_EXPLANATION_ASKED -> DISCONNECTION -> PAYMENT_DONE -> NOT_UPDATED
2,මම යොමු කරපු කම්ප්ලේන් එකට අදාළව රෙෆරන්ස් නම්බර් එක මම මැඩම් මට කෝල් කරන මොබයිල් නම්බර් එකට එස්.එම්.එස් ඇලර්ට් එකක් විදිහට සෙන්ඩ් කරන්නම්.,NONE,ROOT -> MONTHLY_BILL -> BILL_EXPLANATION_ASKED -> DISCONNECTION -> PAYMENT_DONE -> NOT_UPDATED
2,කනෙක්ෂන් එකත් ඇක්ටිව් කළත් තැකුව ටික වෙලාවකින් චෙක් කරලා බලන්න.,NONE,ROOT -> MONTHLY_BILL -> BILL_EXPLANATION_ASKED -> DISCONNECTION -> PAYMENT_DONE -> NOT_UPDATED
2,ඩී.එල්.,NONE,ROOT -> MONTHLY_BILL -> BILL_EXPLANATION_ASKED -> DISCONNECTION -> PAYMENT_DONE -> NOT_UPDATED
2,අලිවියා.,NONE,ROOT -> MONTHLY_BILL -> BILL_EXPLANATION_ASKED -> DISCONNECTION -> PAYMENT_DONE -> NOT_UPDATED
2,හරි එතකොට.,NONE,ROOT -> MONTHLY_BILL -> BILL_EXPLANATION_ASKED -> DISCONNECTION -> PAYMENT_DONE -> NOT_UPDATED
2,අ Thank you very much.,NONE,ROOT -> MONTHLY_BILL -> BILL_EXPLANATION_ASKED -> DISCONNECTION -> PAYMENT_DONE -> NOT_UPDATED
2,හරි මැඩම්.,NONE,ROOT -> MONTHLY_BILL -> BILL_EXPLANATION_ASKED -> DISCONNECTION -> PAYMENT_DONE -> NOT_UPDATED
2,එස්.එල්.ටී මොබිටෙල් ඇමතු අ sorry.,NONE,ROOT -> MONTHLY_BILL -> BILL_EXPLANATION_ASKED -> DISCONNECTION -> PAYMENT_DONE -> NOT_UPDATED
2,මෙම අ sorry මැඩම්.,NONE,ROOT -> MONTHLY_BILL -> BILL_EXPLANATION_ASKED -> DISCONNECTION -> PAYMENT_DONE -> NOT_UPDATED
2,වෙනත් තැමා දැන ගැනීමට අවශ්‍යද?,NONE,ROOT -> MONTHLY_BILL -> BILL_EXPLANATION_ASKED -> DISCONNECTION -> PAYMENT_DONE -> NOT_UPDATED
2,මා ලබා දුන් සේවය ඇගයීම සඳහා රැඳී සිටින්න.,NONE,ROOT -> MONTHLY_BILL -> BILL_EXPLANATION_ASKED -> DISCONNECTION -> PAYMENT_DONE -> NOT_UPDATED
2,එස්.එල්.ටී මොබිටෙල් ඇමතුට ස්තූතියි.,NONE,ROOT -> MONTHLY_BILL -> BILL_EXPLANATION_ASKED -> DISCONNECTION -> PAYMENT_DONE -> NOT_UPDATED
2,සුභ දවසක්.,NONE,ROOT -> MONTHLY_BILL -> BILL_EXPLANATION_ASKED -> DISCONNECTION -> PAYMENT_DONE -> NOT_UPDATED
3,ආයුබෝවන් මම පියුමි.,NONE,ROOT
3,මට පුළුවන් උදව් කරන්න.,NONE,ROOT
3,ආයුබෝවන්.,NONE,ROOT
3,මේ මට මේ ගෙදර ෆෝන් එකේ බිල් එක දැනගන්න පුළුවන්ද?,BILL_EXPLANATION_ASKED,ROOT -> MONTHLY_BILL -> BILL_EXPLANATION_ASKED
3,මම මට මේ ඔටෝ දැනගන්න තැනක් හම්බුනේ නෑ.,NONE,ROOT -> MONTHLY_BILL -> BILL_EXPLANATION_ASKED
3,ආ හරි.,NONE,ROOT -> MONTHLY_BILL -> BILL_EXPLANATION_ASKED
3,මම විස්තර බලලා කියන්නම්.,NONE,ROOT -> MONTHLY_BILL -> BILL_EXPLANATION_ASKED
3,037 2275561ද අංකය?,NONE,ROOT -> MONTHLY_BILL -> BILL_EXPLANATION_ASKED
3,ඔව් ඔව් ඒක තමයි.,NONE,ROOT -> MONTHLY_BILL -> BILL_EXPLANATION_ASKED
3,නම කියන්න අයිතිකරුගේ.,NONE,ROOT -> MONTHLY_BILL -> BILL_EXPLANATION_ASKED
3,අයි එම් කේ බණ්ඩා.,NONE,ROOT -> MONTHLY_BILL -> BILL_EXPLANATION_ASKED
3,කරුණාකර ඇමතුම රැඳී සිටින්න.,NONE,ROOT -> MONTHLY_BILL -> BILL_EXPLANATION_ASKED
3,හරි.,NONE,ROOT -> MONTHLY_BILL -> BILL_EXPLANATION_ASKED
3,රනිසිරට ස්තූතියි සර්.,NONE,ROOT -> MONTHLY_BILL -> BILL_EXPLANATION_ASKED
3,හෙලෝ.,NONE,ROOT -> MONTHLY_BILL -> BILL_EXPLANATION_ASKED
3,රුපියල් 1680ක් ගෙවන්න තියෙනවා සර්.,"BILL_EXPLANATION_ASKED,NOT_ENOUGH_PAYMENT",ROOT -> MONTHLY_BILL -> BILL_EXPLANATION_ASKED -> DISCONNECTION -> NOT_ENOUGH_PAYMENT
3,ආ මේක මම 2500ක් ගෙව්වා.,PAYMENT_DONE,ROOT -> MONTHLY_BILL -> BILL_EXPLANATION_ASKED -> DISCONNECTION -> PAYMENT_DONE
3,ඊට අමතරවද තියෙන්නේ ඒක?,NONE,ROOT -> MONTHLY_BILL -> BILL_EXPLANATION_ASKED -> DISCONNECTION -> PAYMENT_DONE
3,ඔව් 2500 අප්ඩේට් වෙලා.,PAYMENT_UPDATED,ROOT -> MONTHLY_BILL -> BILL_EXPLANATION_ASKED -> DISCONNECTION -> PAYMENT_DONE -> PAYMENT_UPDATED
3,ඊට අමතරව 1680ක් තමයි ගෙවන්න තියෙන්නේ.,NOT_ENOUGH_PAYMENT,ROOT -> MONTHLY_BILL -> BILL_EXPLANATION_ASKED -> DISCONNECTION -> NOT_ENOUGH_PAYMENT
3,ආ හරි.,NONE,ROOT -> MONTHLY_BILL -> BILL_EXPLANATION_ASKED -> DISCONNECTION -> NOT_ENOUGH_PAYMENT
3,මේකේ මේ ලයින් එක ඩිස් මේ මේ මොකක් හරි වයර් එකේ මොකක් හරි කේස් එකක් තියෙනවාද කියලා එහෙම හොයාගන්න බෑනේ?,NONE,ROOT -> MONTHLY_BILL -> BILL_EXPLANATION_ASKED -> DISCONNECTION -> NOT_ENOUGH_PAYMENT
3,ආ එහෙනම් මේ කනෙක්ෂන් එක සර් ඩිස්කනෙක්ට්.,DISCONNECTION,ROOT -> MONTHLY_BILL -> BILL_EXPLANATION_ASKED -> DISCONNECTION
3,තව පේමන්ට් කරන්න ඕනේ මේක ඇක්ටිව් වෙන්න.,NONE,ROOT -> MONTHLY_BILL -> BILL_EXPLANATION_ASKED -> DISCONNECTION
3,ඒ කියන්නේ 1680 ගෙවන්න ඕනේ.,NOT_ENOUGH_PAYMENT,ROOT -> MONTHLY_BILL -> BILL_EXPLANATION_ASKED -> DISCONNECTION -> NOT_ENOUGH_PAYMENT
3,ගෙවලා ලයින් එක ඇක්ටිව් වුනාම වැඩ නොකරනවා නම් කම්ප්ලේන් එකක් දාන්න වෙන්නේ.,NONE,ROOT -> MONTHLY_BILL -> BILL_EXPLANATION_ASKED -> DISCONNECTION -> NOT_ENOUGH_PAYMENT
3,මොකද අපිට ඩිස්කනෙක්ට් ලයින් එකක් කම්ප්ලේන් කරන්න බෑ සර්.,"DISCONNECTION,COMPLAINT",ROOT -> MONTHLY_BILL -> BILL_EXPLANATION_ASKED -> DISCONNECTION -> PAYMENT_DONE -> NOT_UPDATED -> COMPLAINT
3,ඒකනේ.,NONE,ROOT -> MONTHLY_BILL -> BILL_EXPLANATION_ASKED -> DISCONNECTION -> PAYMENT_DONE -> NOT_UPDATED -> COMPLAINT
3,ආ ඒක ගැටලුවක් නෑ.,NONE,ROOT -> MONTHLY_BILL -> BILL_EXPLANATION_ASKED -> DISCONNECTION -> PAYMENT_DONE -> NOT_UPDATED -> COMPLAINT
3,හරි.,NONE,ROOT -> MONTHLY_BILL -> BILL_EXPLANATION_ASKED -> DISCONNECTION -> PAYMENT_DONE -> NOT_UPDATED -> COMPLAINT
3,මේ එතකොට මේ කොහොමද මේ කම්ප්ලේන් එක දාන්නේ?,NONE,ROOT -> MONTHLY_BILL -> BILL_EXPLANATION_ASKED -> DISCONNECTION -> PAYMENT_DONE -> NOT_UPDATED -> COMPLAINT
3,ආ බිල ගෙවලා කෝල් එකක් දෙන්න සර්.,NONE,ROOT -> MONTHLY_BILL -> BILL_EXPLANATION_ASKED -> DISCONNECTION -> PAYMENT_DONE -> NOT_UPDATED -> COMPLAINT
3,මේ තියෙන සම්පූර්ණ බිල් එක ගෙවලා ලයින් එක ඇක්ටිව් වුනාමයි කම්ප්ලේන් එක දාන්න වෙන්නේ.,NONE,ROOT -> MONTHLY_BILL -> BILL_EXPLANATION_ASKED -> DISCONNECTION -> PAYMENT_DONE -> NOT_UPDATED -> COMPLAINT
3,1212 ට කෝල් එකක් දෙන්න.,NONE,ROOT -> MONTHLY_BILL -> BILL_EXPLANATION_ASKED -> DISCONNECTION -> PAYMENT_DONE -> NOT_UPDATED -> COMPLAINT
3,එතකොට ආයෙත් මේ මෙතනටම තමයි ලයින් එක යන්නේ නේද?,NONE,ROOT -> MONTHLY_BILL -> BILL_EXPLANATION_ASKED -> DISCONNECTION -> PAYMENT_DONE -> NOT_UPDATED -> COMPLAINT
3,ඔව්.,NONE,ROOT -> MONTHLY_BILL -> BILL_EXPLANATION_ASKED -> DISCONNECTION -> PAYMENT_DONE -> NOT_UPDATED -> COMPLAINT
3,මෙතනටම තමයි කෝල් කරන්න වෙන්නේ සර්.,NONE,ROOT -> MONTHLY_BILL -> BILL_EXPLANATION_ASKED -> DISCONNECTION -> PAYMENT_DONE -> NOT_UPDATED -> COMPLAINT
3,බිල් එක නම් දැන් ගෙව්වා.,PAYMENT_DONE,ROOT -> MONTHLY_BILL -> BILL_EXPLANATION_ASKED -> DISCONNECTION -> PAYMENT_DONE
3,පේමන්ට් එක කලා අද කෝල් එකේදී.,NONE,ROOT -> MONTHLY_BILL -> BILL_EXPLANATION_ASKED -> DISCONNECTION -> PAYMENT_DONE
3,ඔව් ඔව් ඔව්.,NONE,ROOT -> MONTHLY_BILL -> BILL_EXPLANATION_ASKED -> DISCONNECTION -> PAYMENT_DONE
3,ආ බලන්න අප්ඩේට් වෙනවාද කියලා.,NONE,ROOT -> MONTHLY_BILL -> BILL_EXPLANATION_ASKED -> DISCONNECTION -> PAYMENT_DONE
3,ඇමතුම රැඳිලා ඉන්න.,NONE,ROOT -> MONTHLY_BILL -> BILL_EXPLANATION_ASKED -> DISCONNECTION -> PAYMENT_DONE
3,හරි.,NONE,ROOT -> MONTHLY_BILL -> BILL_EXPLANATION_ASKED -> DISCONNECTION -> PAYMENT_DONE
3,1000ක් ගෙව්වා.,PAYMENT_DONE,ROOT -> MONTHLY_BILL -> BILL_EXPLANATION_ASKED -> DISCONNECTION -> PAYMENT_DONE
3,බලන්නම් ඇමතුම රැඳී සිටින්න සර්.,NONE,ROOT -> MONTHLY_BILL -> BILL_EXPLANATION_ASKED -> DISCONNECTION -> PAYMENT_DONE
3,අයියා ලෝකේ මේ ටෝටල් ගාන කියන්න අන්තිමට ඒක බලලා බැලන්ස් එක අන්තිමට ජීආර් කරන්නම්.,BILL_EXPLANATION_ASKED,ROOT -> MONTHLY_BILL -> BILL_EXPLANATION_ASKED
3,මේ මල්ලි මේකේ ටෝටල් එහෙම නෙමෙයි.,NONE,ROOT -> MONTHLY_BILL -> BILL_EXPLANATION_ASKED
3,මේකේ තව පේමන්ට් එකක් කරලා කතාවක් තියෙනවා නේද?,NONE,ROOT -> MONTHLY_BILL -> BILL_EXPLANATION_ASKED
3,දාන්න අරුට නේ.,NONE,ROOT -> MONTHLY_BILL -> BILL_EXPLANATION_ASKED
3,පන් කට්.,NONE,ROOT -> MONTHLY_BILL -> BILL_EXPLANATION_ASKED
3,ඒක දාන්න වෙනවා නේ?,NONE,ROOT -> MONTHLY_BILL -> BILL_EXPLANATION_ASKED
3,ගණීසරට ස්තූතියි සර්.,NONE,ROOT -> MONTHLY_BILL -> BILL_EXPLANATION_ASKED
3,හෙලෝ.,NONE,ROOT -> MONTHLY_BILL -> BILL_EXPLANATION_ASKED
3,තාම පේමන්ට් එක නම් අප්ඩේට් වෙලත් නැහැ සර්.,NOT_UPDATED,ROOT -> MONTHLY_BILL -> BILL_EXPLANATION_ASKED -> DISCONNECTION -> PAYMENT_DONE -> NOT_UPDATED
3,නමුත් මම නම්බර් එක තියලා මේක නෝට් කරන්නම්.,NONE,ROOT -> MONTHLY_BILL -> BILL_EXPLANATION_ASKED -> DISCONNECTION -> PAYMENT_DONE -> NOT_UPDATED
3,චෙක් කරලා බලලා ලයින් එක රීකනෙක්ට් කරලා එහෙම උනොත් කම්ප්ලේන් එකක් දාන්න වෙනවා.,TEMP_CONNECT_CAN,ROOT -> MONTHLY_BILL -> BILL_EXPLANATION_ASKED -> DISCONNECTION -> TEMP_CONNECT_CAN
3,මේ ලයින් එක මේ වැඩ කරන්නේ කේබල් කැඩලා ප්‍රශ්නක් මේ තියෙනවාද සර්?,NONE,ROOT -> MONTHLY_BILL -> BILL_EXPLANATION_ASKED -> DISCONNECTION -> TEMP_CONNECT_CAN
3,එහෙම කියලා තමයි ගෙදරින් කිව්වේ.,NONE,ROOT -> MONTHLY_BILL -> BILL_EXPLANATION_ASKED -> DISCONNECTION -> TEMP_CONNECT_CAN
3,මම ඇත්තටම ගෙදර නෑ මේ ගෙදරට කතා කරාම කියලා ලයින් එකේ පොඩි ප්‍රශ්නයක් තියෙනවා කියලා.,NONE,ROOT -> MONTHLY_BILL -> BILL_EXPLANATION_ASKED -> DISCONNECTION -> TEMP_CONNECT_CAN
3,හරි.,NONE,ROOT -> MONTHLY_BILL -> BILL_EXPLANATION_ASKED -> DISCONNECTION -> TEMP_CONNECT_CAN
3,මට කන්ටැක්ට් නම්බර් එකක් දෙන්න සර්.,NONE,ROOT -> MONTHLY_BILL -> BILL_EXPLANATION_ASKED -> DISCONNECTION -> TEMP_CONNECT_CAN
3,මොබයිල් නම්බර් එකක්.,NONE,ROOT -> MONTHLY_BILL -> BILL_EXPLANATION_ASKED -> DISCONNECTION -> TEMP_CONNECT_CAN
3,මේ කතා කරන නම්බර් එක වුනත් කමක් නැද්ද?,NONE,ROOT -> MONTHLY_BILL -> BILL_EXPLANATION_ASKED -> DISCONNECTION -> TEMP_CONNECT_CAN
3,මේ එතන එක එක්කෙනෙක් නේ.,NONE,ROOT -> MONTHLY_BILL -> BILL_EXPLANATION_ASKED -> DISCONNECTION -> TEMP_CONNECT_CAN
3,අ වෙන කෙනෙක් සම්බන්ධ කරගන්න පුළුවන් නම් හොඳයි.,NONE,ROOT -> MONTHLY_BILL -> BILL_EXPLANATION_ASKED -> DISCONNECTION -> TEMP_CONNECT_CAN
3,ඔව් එහෙම දෙන්න.,NONE,ROOT -> MONTHLY_BILL -> BILL_EXPLANATION_ASKED -> DISCONNECTION -> TEMP_CONNECT_CAN
3,077.,NONE,ROOT -> MONTHLY_BILL -> BILL_EXPLANATION_ASKED -> DISCONNECTION -> TEMP_CONNECT_CAN
3,හරි.,NONE,ROOT -> MONTHLY_BILL -> BILL_EXPLANATION_ASKED -> DISCONNECTION -> TEMP_CONNECT_CAN
3,071 31.,NONE,ROOT -> MONTHLY_BILL -> BILL_EXPLANATION_ASKED -> DISCONNECTION -> TEMP_CONNECT_CAN
3,හරි.,NONE,ROOT -> MONTHLY_BILL -> BILL_EXPLANATION_ASKED -> DISCONNECTION -> TEMP_CONNECT_CAN
3,96.,NONE,ROOT -> MONTHLY_BILL -> BILL_EXPLANATION_ASKED -> DISCONNECTION -> TEMP_CONNECT_CAN
3,ඔව්.,NONE,ROOT -> MONTHLY_BILL -> BILL_EXPLANATION_ASKED -> DISCONNECTION -> TEMP_CONNECT_CAN
3,037.,NONE,ROOT -> MONTHLY_BILL -> BILL_EXPLANATION_ASKED -> DISCONNECTION -> TEMP_CONNECT_CAN
3,037.,NONE,ROOT -> MONTHLY_BILL -> BILL_EXPLANATION_ASKED -> DISCONNECTION -> TEMP_CONNECT_CAN
3,ඔව් 077.,NONE,ROOT -> MONTHLY_BILL -> BILL_EXPLANATION_ASKED -> DISCONNECTION -> TEMP_CONNECT_CAN
3,ඔව්.,NONE,ROOT -> MONTHLY_BILL -> BILL_EXPLANATION_ASKED -> DISCONNECTION -> TEMP_CONNECT_CAN
3,074 31 96 037.,NONE,ROOT -> MONTHLY_BILL -> BILL_EXPLANATION_ASKED -> DISCONNECTION -> TEMP_CONNECT_CAN
3,හරි.,NONE,ROOT -> MONTHLY_BILL -> BILL_EXPLANATION_ASKED -> DISCONNECTION -> TEMP_CONNECT_CAN
3,පේමන්ට් එක අප්ඩේට් වුනා සර්.,PAYMENT_UPDATED,ROOT -> MONTHLY_BILL -> BILL_EXPLANATION_ASKED -> DISCONNECTION -> PAYMENT_DONE -> PAYMENT_UPDATED
3,මම මේක ලයින් එක රීකනෙක්ට් කරලා කම්ප්ලේන් එක යමු කරන්නම්.,"COMPLAINT,TEMP_CONNECT_CAN",ROOT -> MONTHLY_BILL -> BILL_EXPLANATION_ASKED -> DISCONNECTION -> TEMP_CONNECT_CAN
3,ආ හරි.,NONE,ROOT -> MONTHLY_BILL -> BILL_EXPLANATION_ASKED -> DISCONNECTION -> TEMP_CONNECT_CAN
3,Thank you.,NONE,ROOT -> MONTHLY_BILL -> BILL_EXPLANATION_ASKED -> DISCONNECTION -> TEMP_CONNECT_CAN
3,හරි.,NONE,ROOT -> MONTHLY_BILL -> BILL_EXPLANATION_ASKED -> DISCONNECTION -> TEMP_CONNECT_CAN
3,වෙනත් දෙයක් දැනගන්න අවශ්‍යයිද?,NONE,ROOT -> MONTHLY_BILL -> BILL_EXPLANATION_ASKED -> DISCONNECTION -> TEMP_CONNECT_CAN
3,තව කට් නැහැ.,NONE,ROOT -> MONTHLY_BILL -> BILL_EXPLANATION_ASKED -> DISCONNECTION -> TEMP_CONNECT_CAN
3,නෑ.,NONE,ROOT -> MONTHLY_BILL -> BILL_EXPLANATION_ASKED -> DISCONNECTION -> TEMP_CONNECT_CAN
3,සර්.,NONE,ROOT -> MONTHLY_BILL -> BILL_EXPLANATION_ASKED -> DISCONNECTION -> TEMP_CONNECT_CAN
3,හරි.,NONE,ROOT -> MONTHLY_BILL -> BILL_EXPLANATION_ASKED -> DISCONNECTION -> TEMP_CONNECT_CAN
3,ශ්‍රී ලංකා ටෙලිකොම් ඔබිට ඇමතූට ස්තූතියි සර්.,NONE,ROOT -> MONTHLY_BILL -> BILL_EXPLANATION_ASKED -> DISCONNECTION -> TEMP_CONNECT_CAN
3,සුබ දවසක්.,NONE,ROOT -> MONTHLY_BILL -> BILL_EXPLANATION_ASKED -> DISCONNECTION -> TEMP_CONNECT_CAN
3,මාලබදුන් සේවය ඇගයීමට රැඳී සිටින්න.,NONE,ROOT -> MONTHLY_BILL -> BILL_EXPLANATION_ASKED -> DISCONNECTION -> TEMP_CONNECT_CAN
4,ආයුබෝවන් මම හර්ෂි මට පොළුවෙන් ඉන්න සහයවන්න.,NONE,ROOT
4,අහගන්නස් මගේ ටෙලිකොම් එක මම හිතන්නේ ඩිස්කනෙක්ට් වෙලා තියෙනවා.,DISCONNECTION,ROOT -> MONTHLY_BILL -> BILL_EXPLANATION_ASKED -> DISCONNECTION
4,මම දැන් පේමන්ට් එකක් කරා ඔන්ලයින්.,PAYMENT_DONE,ROOT -> MONTHLY_BILL -> BILL_EXPLANATION_ASKED -> DISCONNECTION -> PAYMENT_DONE
4,හැබැයි තාම අර පියර් කී එකෙනුත් පෙන්නන්නේ මේ මේවා කරලා කියලා.,NONE,ROOT -> MONTHLY_BILL -> BILL_EXPLANATION_ASKED -> DISCONNECTION -> PAYMENT_DONE
4,පොඩ්ඩක් බලන්න පුළුවන්ද?,NONE,ROOT -> MONTHLY_BILL -> BILL_EXPLANATION_ASKED -> DISCONNECTION -> PAYMENT_DONE
4,කනෙක්ෂන් එකට අදාල නම්බර් එක කියන්න මට.,NONE,ROOT -> MONTHLY_BILL -> BILL_EXPLANATION_ASKED -> DISCONNECTION -> PAYMENT_DONE
4,0812 0812 353 ඔව් 919 කරුණා කරලා මොහොත මේ රැඳී ඉන්න.,NONE,ROOT -> MONTHLY_BILL -> BILL_EXPLANATION_ASKED -> DISCONNECTION -> PAYMENT_DONE
4,ඕකේ.,NONE,ROOT -> MONTHLY_BILL -> BILL_EXPLANATION_ASKED -> DISCONNECTION -> PAYMENT_DONE
4,රැඳී සිටියාට ස්තූතියි මැඩම්.,NONE,ROOT -> MONTHLY_BILL -> BILL_EXPLANATION_ASKED -> DISCONNECTION -> PAYMENT_DONE
4,මැඩම්ගේ මේ ලයින් එක දැනට ඩිස්කනෙක්ට් වෙලානේ තියෙන්නේ.,DISCONNECTION,ROOT -> MONTHLY_BILL -> BILL_EXPLANATION_ASKED -> DISCONNECTION
4,5887 18ක් තියෙනවා ගෙවන්න.,NONE,ROOT -> MONTHLY_BILL -> BILL_EXPLANATION_ASKED -> DISCONNECTION
4,5800 ගෙවනවා නේද?,NONE,ROOT -> MONTHLY_BILL -> BILL_EXPLANATION_ASKED -> DISCONNECTION
4,ඔව් 6500ක් අද ගෙවලා තියෙනවා මැඩම්.,PAYMENT_DONE,ROOT -> MONTHLY_BILL -> BILL_EXPLANATION_ASKED -> DISCONNECTION -> PAYMENT_DONE
4,ඒත් ඒ මුදල නම් ප්‍රමාණවත් මදි.,NOT_ENOUGH_PAYMENT,ROOT -> MONTHLY_BILL -> BILL_EXPLANATION_ASKED -> DISCONNECTION -> NOT_ENOUGH_PAYMENT
4,මාස දෙකක බිල් එකක් තිබ්බේ.,BILL_EXPLANATION_ASKED,ROOT -> MONTHLY_BILL -> BILL_EXPLANATION_ASKED
4,12387ක් නේ.,NONE,ROOT -> MONTHLY_BILL -> BILL_EXPLANATION_ASKED
4,එතකොට සම්පූර්ණ බිල් එක දැනට පේමන්ට් එක වෙන්න ඕනේ කනෙක්ෂන් ඇක්ටිව් වෙන්න වෙන්න නම් මැඩම්ගේ.,NONE,ROOT -> MONTHLY_BILL -> BILL_EXPLANATION_ASKED
4,එහෙනම් තව කොච්චර ගෙවන්න ඕනද?,NOT_ENOUGH_PAYMENT,ROOT -> MONTHLY_BILL -> BILL_EXPLANATION_ASKED -> DISCONNECTION -> NOT_ENOUGH_PAYMENT
4,තව පේමන්ට් එක ගෙවන්න.,NOT_ENOUGH_PAYMENT,ROOT -> MONTHLY_BILL -> BILL_EXPLANATION_ASKED -> DISCONNECTION -> NOT_ENOUGH_PAYMENT
4,අ තව තියෙන්නේ 5887ක් නේ.,NONE,ROOT -> MONTHLY_BILL -> BILL_EXPLANATION_ASKED -> DISCONNECTION -> NOT_ENOUGH_PAYMENT
4,ඒ 5800 5900ක් ගෙව්වොත් ඇක්ටිව් කරගන්න පුළුවන්.,NONE,ROOT -> MONTHLY_BILL -> BILL_EXPLANATION_ASKED -> DISCONNECTION -> NOT_ENOUGH_PAYMENT
4,5900ක් ගෙවලා ඊට පස්සේ මොනවද කරන්න ඕන?,NONE,ROOT -> MONTHLY_BILL -> BILL_EXPLANATION_ASKED -> DISCONNECTION -> NOT_ENOUGH_PAYMENT
4,කතා කරන්න ඕනේ නැහැ මැඩම්.,NONE,ROOT -> MONTHLY_BILL -> BILL_EXPLANATION_ASKED -> DISCONNECTION -> NOT_ENOUGH_PAYMENT
4,ලයින් එක ඔටමැටිකලි ඇක්ටිව් වේවි.,NONE,ROOT -> MONTHLY_BILL -> BILL_EXPLANATION_ASKED -> DISCONNECTION -> NOT_ENOUGH_PAYMENT
4,මිනිත්තු 20 වගේ කාලයකින්.,NONE,ROOT -> MONTHLY_BILL -> BILL_EXPLANATION_ASKED -> DISCONNECTION -> NOT_ENOUGH_PAYMENT
4,ඒ කාලේ අතරතුර චෙක් කරලා බලලා අපිට ඇමතුමක් ගන්න.,NONE,ROOT -> MONTHLY_BILL -> BILL_EXPLANATION_ASKED -> DISCONNECTION -> NOT_ENOUGH_PAYMENT
4,ආ හරි ඕකේ.,NONE,ROOT -> MONTHLY_BILL -> BILL_EXPLANATION_ASKED -> DISCONNECTION -> NOT_ENOUGH_PAYMENT
4,ආයේ කලින් විදිහටම අපේ කරා නම් හරි නේද?,NONE,ROOT -> MONTHLY_BILL -> BILL_EXPLANATION_ASKED -> DISCONNECTION -> NOT_ENOUGH_PAYMENT
4,ඔව් කලින් විදිහටම පේමන්ට් එක ගෙවන්න.,NONE,ROOT -> MONTHLY_BILL -> BILL_EXPLANATION_ASKED -> DISCONNECTION -> NOT_ENOUGH_PAYMENT
4,5900ක්.,NONE,ROOT -> MONTHLY_BILL -> BILL_EXPLANATION_ASKED -> DISCONNECTION -> NOT_ENOUGH_PAYMENT
4,ඔව් 5900ක් ගෙවන්න.,NONE,ROOT -> MONTHLY_BILL -> BILL_EXPLANATION_ASKED -> DISCONNECTION -> NOT_ENOUGH_PAYMENT
4,ඕකේ ඕකේ.,NONE,ROOT -> MONTHLY_BILL -> BILL_EXPLANATION_ASKED -> DISCONNECTION -> NOT_ENOUGH_PAYMENT
4,තැන්ක් යු.,NONE,ROOT -> MONTHLY_BILL -> BILL_EXPLANATION_ASKED -> DISCONNECTION -> NOT_ENOUGH_PAYMENT
4,හරි වෙනත් දෙයක් දැනගන්න අවශ්‍යද?,NONE,ROOT -> MONTHLY_BILL -> BILL_EXPLANATION_ASKED -> DISCONNECTION -> NOT_ENOUGH_PAYMENT
5,ආය බෝවන් මම ශාමිලා.,NONE,ROOT
5,මට පුළුවන් නම් ඔබට සහය වන්න.,NONE,ROOT
5,ආ හලෝ මේ මම බිල් පේමන්ට් කරත් තාම මේ ඇක්ටිවේට් කරලා නැහැනේ පී ඕ ඩී වී එක කනෙක්ෂන් එක.,DISCONNECTION,ROOT -> MONTHLY_BILL -> BILL_EXPLANATION_ASKED -> DISCONNECTION
5,මම චෙක් කරලා බලන්නම්.,NONE,ROOT -> MONTHLY_BILL -> BILL_EXPLANATION_ASKED -> DISCONNECTION
5,කරුණාකර අමන්ත්‍රයේ රඳී සිටින්න.,NONE,ROOT -> MONTHLY_BILL -> BILL_EXPLANATION_ASKED -> DISCONNECTION
5,හරි.,NONE,ROOT -> MONTHLY_BILL -> BILL_EXPLANATION_ASKED -> DISCONNECTION
5,තලිසිට ඉන්න.,NONE,ROOT -> MONTHLY_BILL -> BILL_EXPLANATION_ASKED -> DISCONNECTION
5,හරි.,NONE,ROOT -> MONTHLY_BILL -> BILL_EXPLANATION_ASKED -> DISCONNECTION
5,තලිසිට එයාට ස්තූතියි.,NONE,ROOT -> MONTHLY_BILL -> BILL_EXPLANATION_ASKED -> DISCONNECTION
5,037 22 38 446 නම්බර් එක.,NONE,ROOT -> MONTHLY_BILL -> BILL_EXPLANATION_ASKED -> DISCONNECTION
5,මේකේ බිල් එක 6140ක් තියෙනවා දැනට.,NONE,ROOT -> MONTHLY_BILL -> BILL_EXPLANATION_ASKED -> DISCONNECTION
5,ධර්මසිරි ජයසූරිය කියලා හිටකරවගෙ නම් තියෙන්නේ.,NONE,ROOT -> MONTHLY_BILL -> BILL_EXPLANATION_ASKED -> DISCONNECTION
5,6000 ගාණක් තියෙන්නේ කොහොමද?,NONE,ROOT -> MONTHLY_BILL -> BILL_EXPLANATION_ASKED -> DISCONNECTION
5,මේ කලි 6000ක්ම බැන්නනේ.,NONE,ROOT -> MONTHLY_BILL -> BILL_EXPLANATION_ASKED -> DISCONNECTION
5,ඒ කියන්නේ 6000 ගාණක් දැන් ඇවිල්ලා තියෙන්නේ මේ අලුත් බිල් එකත් එක්ක මැඩම්.,NONE,ROOT -> MONTHLY_BILL -> BILL_EXPLANATION_ASKED -> DISCONNECTION
5,අද නිකුත් වුණ බිල් එකත් එක්ක.,NONE,ROOT -> MONTHLY_BILL -> BILL_EXPLANATION_ASKED -> DISCONNECTION
5,නැත්නම් ඇරියස් එක තිබිලා තියෙන්නේ 2880ක්.,NOT_ENOUGH_PAYMENT,ROOT -> MONTHLY_BILL -> BILL_EXPLANATION_ASKED -> DISCONNECTION -> NOT_ENOUGH_PAYMENT
5,ඔව් ඒකනෙ.,NONE,ROOT -> MONTHLY_BILL -> BILL_EXPLANATION_ASKED -> DISCONNECTION -> NOT_ENOUGH_PAYMENT
5,මොකක්ද ගැටලුව?,NONE,ROOT -> MONTHLY_BILL -> BILL_EXPLANATION_ASKED -> DISCONNECTION -> NOT_ENOUGH_PAYMENT
5,මම දැනට තියෙන බිල් එක කිව්වේ මැඩම්.,NONE,ROOT -> MONTHLY_BILL -> BILL_EXPLANATION_ASKED -> DISCONNECTION -> NOT_ENOUGH_PAYMENT
5,දැන් දැනට තියෙන බිල් එක් කියන්නේ මේ මාසෙට අදාළ වෙන්නේ 2000 ගාණනේ එතකොට?,NONE,ROOT -> MONTHLY_BILL -> BILL_EXPLANATION_ASKED -> DISCONNECTION -> NOT_ENOUGH_PAYMENT
5,දැනට මැඩම් ඒ කියන්නේ කනෙක්ෂන් එක ඇක්ටිව් කරගන්න කොච්චරක් ගෙවන්න ඕනද කියලාද අහන්නේ?,NONE,ROOT -> MONTHLY_BILL -> BILL_EXPLANATION_ASKED -> DISCONNECTION -> NOT_ENOUGH_PAYMENT
5,ඔව්.,NONE,ROOT -> MONTHLY_BILL -> BILL_EXPLANATION_ASKED -> DISCONNECTION -> NOT_ENOUGH_PAYMENT
5,කනෙක්ෂන් එක ඇක්ටිව් කරගන්න මේ තියෙන බිල් එකට රුපියල් 3000ක් 2880යි සත 71ක්.,BILL_EXPLANATION_ASKED,ROOT -> MONTHLY_BILL -> BILL_EXPLANATION_ASKED
5,ඒ කියන්නේ 3000ක් පේමන්ට් කරන්න.,NONE,ROOT -> MONTHLY_BILL -> BILL_EXPLANATION_ASKED
5,එතකොට ගැටලුවක් නැහැ සර්.,NONE,ROOT -> MONTHLY_BILL -> BILL_EXPLANATION_ASKED
5,මැඩම්.,NONE,ROOT -> MONTHLY_BILL -> BILL_EXPLANATION_ASKED
5,මේ 2000ක් පේමන්ට් කරා ඒක ඇවිත් තියෙනවා නේ?,NONE,ROOT -> MONTHLY_BILL -> BILL_EXPLANATION_ASKED
5,ඒක අප්ඩේට් වෙලා තියෙන්නේ.,PAYMENT_UPDATED,ROOT -> MONTHLY_BILL -> BILL_EXPLANATION_ASKED -> DISCONNECTION -> PAYMENT_DONE -> PAYMENT_UPDATED
5,12 30 පේමන්ට් කරපු එකනේ නේද?,NONE,ROOT -> MONTHLY_BILL -> BILL_EXPLANATION_ASKED -> DISCONNECTION -> PAYMENT_DONE -> PAYMENT_UPDATED
5,ඔව් 12 30 පේමන්ට් කරපු එක.,NONE,ROOT -> MONTHLY_BILL -> BILL_EXPLANATION_ASKED -> DISCONNECTION -> PAYMENT_DONE -> PAYMENT_UPDATED
5,ඔව් ඒක අප්ඩේට් වෙලා තියෙනවා.,PAYMENT_UPDATED,ROOT -> MONTHLY_BILL -> BILL_EXPLANATION_ASKED -> DISCONNECTION -> PAYMENT_DONE -> PAYMENT_UPDATED
5,එතකොට දැන් බිල් පේ බිලේ කීයක් තියෙනවද?,BILL_EXPLANATION_ASKED,ROOT -> MONTHLY_BILL -> BILL_EXPLANATION_ASKED
5,දැනට 6140ක් තියෙනවා.,NONE,ROOT -> MONTHLY_BILL -> BILL_EXPLANATION_ASKED
5,අර ඇරියස් එක 2880යි.,NOT_ENOUGH_PAYMENT,ROOT -> MONTHLY_BILL -> BILL_EXPLANATION_ASKED -> DISCONNECTION -> NOT_ENOUGH_PAYMENT
5,දෙසැම්බර් මාසේ බිල් එක 3260ක් අද ඇවිත් තියෙනවා.,BILL_EXPLANATION_ASKED,ROOT -> MONTHLY_BILL -> BILL_EXPLANATION_ASKED
5,ඒ දෙකේ එකතුව.,NONE,ROOT -> MONTHLY_BILL -> BILL_EXPLANATION_ASKED
5,දෙසැම්බර් මාසේ බිල් එක 3000 ගාණක්?,BILL_EXPLANATION_ASKED,ROOT -> MONTHLY_BILL -> BILL_EXPLANATION_ASKED
5,ඔව්.,NONE,ROOT -> MONTHLY_BILL -> BILL_EXPLANATION_ASKED
5,ආ මේ දෙසැ මේ ගිය දෙසැම්බර් වලට නේ නේද?,NONE,ROOT -> MONTHLY_BILL -> BILL_EXPLANATION_ASKED
5,දැන් මේ ජනවාරි නේ නේද?,NONE,ROOT -> MONTHLY_BILL -> BILL_EXPLANATION_ASKED
5,ඔව්.,NONE,ROOT -> MONTHLY_BILL -> BILL_EXPLANATION_ASKED
5,එතකොට මේ අර ජනවාරි 2000 ගානත් ඇඩ් කරලා තමයි ඔය කියන්නේ නේ නේද?,NONE,ROOT -> MONTHLY_BILL -> BILL_EXPLANATION_ASKED
5,ඔව්.,NONE,ROOT -> MONTHLY_BILL -> BILL_EXPLANATION_ASKED
5,ඒක හින්දා ඇක්ටිවේට් කරන්න නම් තව 3000ක් දාන්න ඕනද?,NOT_ENOUGH_PAYMENT,ROOT -> MONTHLY_BILL -> BILL_EXPLANATION_ASKED -> DISCONNECTION -> NOT_ENOUGH_PAYMENT
5,ඔව් මැඩම්.,NONE,ROOT -> MONTHLY_BILL -> BILL_EXPLANATION_ASKED -> DISCONNECTION -> NOT_ENOUGH_PAYMENT
5,හා හරි හරි.,NONE,ROOT -> MONTHLY_BILL -> BILL_EXPLANATION_ASKED -> DISCONNECTION -> NOT_ENOUGH_PAYMENT
5,තැන්ක් යු.,NONE,ROOT -> MONTHLY_BILL -> BILL_EXPLANATION_ASKED -> DISCONNECTION -> NOT_ENOUGH_PAYMENT
5,හරි.,NONE,ROOT -> MONTHLY_BILL -> BILL_EXPLANATION_ASKED -> DISCONNECTION -> NOT_ENOUGH_PAYMENT
5,එහෙනම් දාන්න.,NONE,ROOT -> MONTHLY_BILL -> BILL_EXPLANATION_ASKED -> DISCONNECTION -> NOT_ENOUGH_PAYMENT
6,හ්.,NONE,ROOT
6,ආයුබෝවන් මම නදුනි මට පුලුවන්ද ඔබට සහාය වන්න?,NONE,ROOT
6,හෙලෝ ආ මම මේ මගේ නම්බර් එක බින්දුවයි තුනයි තුනයි විසි දෙකයි පහයි හයයි හතයි බින්දුවයි අට.,NONE,ROOT
6,ඒක බ්‍රේක් ඩවුන් වෙලා තිබුන.,NONE,ROOT
6,වයර් කැඩිලා ආවේ නෑනේ හදන්න තාම.,LINE_FAULT,ROOT -> TECHNICAL_ISSUE -> LINE_FAULT
6,කියලද දැන්?,NONE,ROOT -> TECHNICAL_ISSUE -> LINE_FAULT
6,කරුණාකරලා ඔබේ නම කියන්න සර්.,NONE,ROOT -> TECHNICAL_ISSUE -> LINE_FAULT
6,ඩබ්ලිව් එම් එස් සේමලී.,NONE,ROOT -> TECHNICAL_ISSUE -> LINE_FAULT
6,හරි.,NONE,ROOT -> TECHNICAL_ISSUE -> LINE_FAULT
6,පැමිණිල්ල යොමු කරලා තියෙනවා ප්‍රාදේශීය නඩත්තු අංශයට.,TECHNICAL_ESCALATION,ROOT -> TECHNICAL_ISSUE -> ROUTER_RESTART_ATTEMPT -> ISSUE_NOT_RESOLVED -> TECHNICAL_ESCALATION
6,ඔව්.,NONE,ROOT -> TECHNICAL_ISSUE -> ROUTER_RESTART_ATTEMPT -> ISSUE_NOT_RESOLVED -> TECHNICAL_ESCALATION
6,කඩුවෙලට යොමු කරලා තියෙන්නේ සර් මේක බලන්න කියලා.,NONE,ROOT -> TECHNICAL_ISSUE -> ROUTER_RESTART_ATTEMPT -> ISSUE_NOT_RESOLVED -> TECHNICAL_ESCALATION
6,මම කඩුවෙලින්ද වැලිවේරිය?,NONE,ROOT -> TECHNICAL_ISSUE -> ROUTER_RESTART_ATTEMPT -> ISSUE_NOT_RESOLVED -> TECHNICAL_ESCALATION
6,කඩුවෙලින්ද වැලිවේරිය?,NONE,ROOT -> TECHNICAL_ISSUE -> ROUTER_RESTART_ATTEMPT -> ISSUE_NOT_RESOLVED -> TECHNICAL_ESCALATION
6,වැලිවේරිය නේද?,NONE,ROOT -> TECHNICAL_ISSUE -> ROUTER_RESTART_ATTEMPT -> ISSUE_NOT_RESOLVED -> TECHNICAL_ESCALATION
6,අ නැද්ද?,NONE,ROOT -> TECHNICAL_ISSUE -> ROUTER_RESTART_ATTEMPT -> ISSUE_NOT_RESOLVED -> TECHNICAL_ESCALATION
6,මේක මේ අදාල නඩත්තු අංශයට අපි දැනුවත් කරලා තියෙන්නේ.,TECHNICAL_ESCALATION,ROOT -> TECHNICAL_ISSUE -> ROUTER_RESTART_ATTEMPT -> ISSUE_NOT_RESOLVED -> TECHNICAL_ESCALATION
6,මම රිමයින්ඩර් එකක් දාන්නම් ඉක්මනටම සම්බන්ධ වෙන්න කියලා.,TECHNICAL_ESCALATION,ROOT -> TECHNICAL_ISSUE -> ROUTER_RESTART_ATTEMPT -> ISSUE_NOT_RESOLVED -> TECHNICAL_ESCALATION
6,හරි.,NONE,ROOT -> TECHNICAL_ISSUE -> ROUTER_RESTART_ATTEMPT -> ISSUE_NOT_RESOLVED -> TECHNICAL_ESCALATION
6,හරි හරි.,NONE,ROOT -> TECHNICAL_ISSUE -> ROUTER_RESTART_ATTEMPT -> ISSUE_NOT_RESOLVED -> TECHNICAL_ESCALATION
6,හරි තැන්ක්යු.,NONE,ROOT -> TECHNICAL_ISSUE -> ROUTER_RESTART_ATTEMPT -> ISSUE_NOT_RESOLVED -> TECHNICAL_ESCALATION
6,හරි සර්.,NONE,ROOT -> TECHNICAL_ISSUE -> ROUTER_RESTART_ATTEMPT -> ISSUE_NOT_RESOLVED -> TECHNICAL_ESCALATION
6,එස් ඇන්ඩ් ටී මබිටල් ඇමතුවට ස්තූතියි.,NONE,ROOT -> TECHNICAL_ISSUE -> ROUTER_RESTART_ATTEMPT -> ISSUE_NOT_RESOLVED -> TECHNICAL_ESCALATION
6,සුභ දවසක්.,NONE,ROOT -> TECHNICAL_ISSUE -> ROUTER_RESTART_ATTEMPT -> ISSUE_NOT_RESOLVED -> TECHNICAL_ESCALATION
7,හ්.,NONE,ROOT
7,ආයුබෝවන් මම නදුනි මට පුලුවන්ද ඔබට සහාය වන්න?,NONE,ROOT
7,හෙලෝ ආ මම මේ මගේ නම්බර් එක බින්දුවයි තුනයි තුනයි විසි දෙකයි පහයි හයයි හතයි බින්දුවයි අට.,NONE,ROOT
7,ඒක බ්‍රේක් ඩවුන් වෙලා තිබුන.,NONE,ROOT
7,වයර් කැඩිලා ආවේ නෑනේ හදන්න තාම.,LINE_FAULT,ROOT -> TECHNICAL_ISSUE -> LINE_FAULT
7,කියලද දැන්?,NONE,ROOT -> TECHNICAL_ISSUE -> LINE_FAULT
7,කරුණාකරලා ඔබේ නම කියන්න සර්.,NONE,ROOT -> TECHNICAL_ISSUE -> LINE_FAULT
7,ඩබ්ලිව් එම් එස් සේමලී.,NONE,ROOT -> TECHNICAL_ISSUE -> LINE_FAULT
7,හරි.,NONE,ROOT -> TECHNICAL_ISSUE -> LINE_FAULT
7,පැමිණිල්ල යොමු කරලා තියෙනවා ප්‍රාදේශීය නඩත්තු අංශයට.,TECHNICAL_ESCALATION,ROOT -> TECHNICAL_ISSUE -> ROUTER_RESTART_ATTEMPT -> ISSUE_NOT_RESOLVED -> TECHNICAL_ESCALATION
7,ඔව්.,NONE,ROOT -> TECHNICAL_ISSUE -> ROUTER_RESTART_ATTEMPT -> ISSUE_NOT_RESOLVED -> TECHNICAL_ESCALATION
7,කඩුවෙලට යොමු කරලා තියෙන්නේ සර් මේක බලන්න කියලා.,NONE,ROOT -> TECHNICAL_ISSUE -> ROUTER_RESTART_ATTEMPT -> ISSUE_NOT_RESOLVED -> TECHNICAL_ESCALATION
7,මම කඩුවෙලින්ද වැලිවේරිය?,NONE,ROOT -> TECHNICAL_ISSUE -> ROUTER_RESTART_ATTEMPT -> ISSUE_NOT_RESOLVED -> TECHNICAL_ESCALATION
7,කඩුවෙලින්ද වැලිවේරිය?,NONE,ROOT -> TECHNICAL_ISSUE -> ROUTER_RESTART_ATTEMPT -> ISSUE_NOT_RESOLVED -> TECHNICAL_ESCALATION
7,වැලිවේරිය නේද?,NONE,ROOT -> TECHNICAL_ISSUE -> ROUTER_RESTART_ATTEMPT -> ISSUE_NOT_RESOLVED -> TECHNICAL_ESCALATION
7,අ නැද්ද?,NONE,ROOT -> TECHNICAL_ISSUE -> ROUTER_RESTART_ATTEMPT -> ISSUE_NOT_RESOLVED -> TECHNICAL_ESCALATION
7,මේක මේ අදාල නඩත්තු අංශයට අපි දැනුවත් කරලා තියෙන්නේ.,TECHNICAL_ESCALATION,ROOT -> TECHNICAL_ISSUE -> ROUTER_RESTART_ATTEMPT -> ISSUE_NOT_RESOLVED -> TECHNICAL_ESCALATION
7,මම රිමයින්ඩර් එකක් දාන්නම් ඉක්මනටම සම්බන්ධ වෙන්න කියලා.,TECHNICAL_ESCALATION,ROOT -> TECHNICAL_ISSUE -> ROUTER_RESTART_ATTEMPT -> ISSUE_NOT_RESOLVED -> TECHNICAL_ESCALATION
7,හරි.,NONE,ROOT -> TECHNICAL_ISSUE -> ROUTER_RESTART_ATTEMPT -> ISSUE_NOT_RESOLVED -> TECHNICAL_ESCALATION
7,හරි හරි.,NONE,ROOT -> TECHNICAL_ISSUE -> ROUTER_RESTART_ATTEMPT -> ISSUE_NOT_RESOLVED -> TECHNICAL_ESCALATION
7,හරි තැන්ක්යු.,NONE,ROOT -> TECHNICAL_ISSUE -> ROUTER_RESTART_ATTEMPT -> ISSUE_NOT_RESOLVED -> TECHNICAL_ESCALATION
7,හරි සර්.,NONE,ROOT -> TECHNICAL_ISSUE -> ROUTER_RESTART_ATTEMPT -> ISSUE_NOT_RESOLVED -> TECHNICAL_ESCALATION
7,එස් ඇන්ඩ් ටී මබිටල් ඇමතුවට ස්තූතියි.,NONE,ROOT -> TECHNICAL_ISSUE -> ROUTER_RESTART_ATTEMPT -> ISSUE_NOT_RESOLVED -> TECHNICAL_ESCALATION
7,සුභ දවසක්.,NONE,ROOT -> TECHNICAL_ISSUE -> ROUTER_RESTART_ATTEMPT -> ISSUE_NOT_RESOLVED -> TECHNICAL_ESCALATION
8,ගුඩ් මෝනි.,NONE,ROOT
8,ආයුබෝවන් ඔය සර්ගේ මට පුළුවන් එපා සහය.,NONE,ROOT
8,ආයුබෝවන්.,NONE,ROOT
8,මේ මගේ අංකය 025 2223 612.,NONE,ROOT
8,හරි.,NONE,ROOT
8,අ මේකේ මේ පියෝ ටීවී තියෙන ලයින් එකක්.,NONE,ROOT
8,මේකේ ඊයේ පොඩි රිපෙයාර් එකක් කරා.,NONE,ROOT
8,ඒ පැත්තේ.,NONE,ROOT
8,දැන් මේ නම්බර් එක යනවා වෙන ගෙදරකට කෝල් එක.,EQUIPMENT_LANDLINE_FAULT,ROOT -> TECHNICAL_ISSUE -> EQUIPMENT_LANDLINE_FAULT
8,ඔය ඔබට ඔය 2223 612 ට කතා කරාම වෙන ගෙදරකට යන්නේ.,NONE,ROOT -> TECHNICAL_ISSUE -> EQUIPMENT_LANDLINE_FAULT
8,අ පියෝ ටීවී එක වැඩ කරන්නෙත් නැහැ.,EQUIPMENT_PEOTV_FAULT,ROOT -> TECHNICAL_ISSUE -> EQUIPMENT_PEOTV_FAULT
8,ඔව්.,NONE,ROOT -> TECHNICAL_ISSUE -> EQUIPMENT_PEOTV_FAULT
8,දැන් මේ කතා කරන සර් වෙනස් තැනකින් ඉඳලාද?,NONE,ROOT -> TECHNICAL_ISSUE -> EQUIPMENT_PEOTV_FAULT
8,නැත්නම් සර් මේ ලයින් එක පාවිච්චි කරලාද?,NONE,ROOT -> TECHNICAL_ISSUE -> EQUIPMENT_PEOTV_FAULT
8,ඔව්.,NONE,ROOT -> TECHNICAL_ISSUE -> EQUIPMENT_PEOTV_FAULT
8,වෙන තැනකින් ඉඳලා.,NONE,ROOT -> TECHNICAL_ISSUE -> EQUIPMENT_PEOTV_FAULT
8,වෙන තැනකින් ඉඳලා නේද?,NONE,ROOT -> TECHNICAL_ISSUE -> EQUIPMENT_PEOTV_FAULT
8,ඔව්.,NONE,ROOT -> TECHNICAL_ISSUE -> EQUIPMENT_PEOTV_FAULT
8,හරි.,NONE,ROOT -> TECHNICAL_ISSUE -> EQUIPMENT_PEOTV_FAULT
8,කනෙක්ෂන් එකේ අයිතිකාරුගේ නම් කොහොමද තියෙන්නේ සර්?,NONE,ROOT -> TECHNICAL_ISSUE -> EQUIPMENT_PEOTV_FAULT
8,ටී බී එම්පී තිලකරත්න.,NONE,ROOT -> TECHNICAL_ISSUE -> EQUIPMENT_PEOTV_FAULT
8,කොම්ප්ලේන් කරන්නම්.,NONE,ROOT -> TECHNICAL_ISSUE -> EQUIPMENT_PEOTV_FAULT
8,කරුණාකර ඇමති වෙලා රැඳී ඉන්න.,NONE,ROOT -> TECHNICAL_ISSUE -> EQUIPMENT_PEOTV_FAULT
8,මේක පොඩ්ඩක් අජන්ට් මේ අර කෝල් වෙනවා අනිත් අයට ඒකයි.,NONE,ROOT -> TECHNICAL_ISSUE -> EQUIPMENT_PEOTV_FAULT
8,එයා විස්ට්‍රි කෝල්.,NONE,ROOT -> TECHNICAL_ISSUE -> EQUIPMENT_PEOTV_FAULT
8,හරි.,NONE,ROOT -> TECHNICAL_ISSUE -> EQUIPMENT_PEOTV_FAULT
8,ඇමතුම රැඳිලා ඉන්න.,NONE,ROOT -> TECHNICAL_ISSUE -> EQUIPMENT_PEOTV_FAULT
8,උපරිමයෙන්ම යොමු කරන්නම්.,NONE,ROOT -> TECHNICAL_ISSUE -> EQUIPMENT_PEOTV_FAULT
8,හරි.,NONE,ROOT -> TECHNICAL_ISSUE -> EQUIPMENT_PEOTV_FAULT
8,හරි.,NONE,ROOT -> TECHNICAL_ISSUE -> EQUIPMENT_PEOTV_FAULT
8,රැඳි සිටියාට ස්තූතියි සර්.,NONE,ROOT -> TECHNICAL_ISSUE -> EQUIPMENT_PEOTV_FAULT
8,ඒ නම්බර් එක මාරු වෙලා තියෙන ගෙදර අංකය මොනවා හරිම දැනුවත්ද සර්?,NONE,ROOT -> TECHNICAL_ISSUE -> EQUIPMENT_PEOTV_FAULT
8,මම මේ හෑන්ඩ් ෆෝන් නම්බර් එක දෙන්නද?,NONE,ROOT -> TECHNICAL_ISSUE -> EQUIPMENT_PEOTV_FAULT
8,ඒගොල්ලන්ගේ.,NONE,ROOT -> TECHNICAL_ISSUE -> EQUIPMENT_PEOTV_FAULT
8,අ නැහැ ඒ ලයින් එකේ නම්බර් එක දන්නේ නැහැ නේද?,NONE,ROOT -> TECHNICAL_ISSUE -> EQUIPMENT_PEOTV_FAULT
8,අ නැහැ මාරු වෙලා තියෙන අංකය.,NONE,ROOT -> TECHNICAL_ISSUE -> EQUIPMENT_PEOTV_FAULT
8,හා කමක් නැහැ.,NONE,ROOT -> TECHNICAL_ISSUE -> EQUIPMENT_PEOTV_FAULT
8,මට සර්ගේ කන්ටැක්ට් නම්බර් එකක් දෙන්නකෝ සර්.,NONE,ROOT -> TECHNICAL_ISSUE -> EQUIPMENT_PEOTV_FAULT
8,බිංදුව ඒයා මයි කන්ටැක්ට් ද?,NONE,ROOT -> TECHNICAL_ISSUE -> EQUIPMENT_PEOTV_FAULT
8,ඔව්.,NONE,ROOT -> TECHNICAL_ISSUE -> EQUIPMENT_PEOTV_FAULT
8,071යි.,NONE,ROOT -> TECHNICAL_ISSUE -> EQUIPMENT_PEOTV_FAULT
8,ඔව්.,NONE,ROOT -> TECHNICAL_ISSUE -> EQUIPMENT_PEOTV_FAULT
8,620 24 33.,NONE,ROOT -> TECHNICAL_ISSUE -> EQUIPMENT_PEOTV_FAULT
8,හරි.,NONE,ROOT -> TECHNICAL_ISSUE -> EQUIPMENT_PEOTV_FAULT
8,දැනුම් දෙන්නම් සර්.,NONE,ROOT -> TECHNICAL_ISSUE -> EQUIPMENT_PEOTV_FAULT
8,වෙන නම්බර් එකක් එක්කන් චේන්ජ් වෙලා තියෙන්නේ.,NONE,ROOT -> TECHNICAL_ISSUE -> EQUIPMENT_PEOTV_FAULT
8,ඉක්මනින්ම චෙක් කරලා බලන්න කියලා.,NONE,ROOT -> TECHNICAL_ISSUE -> EQUIPMENT_PEOTV_FAULT
8,එයාගේ කන්ටැක්ට් දෙන්නද?,NONE,ROOT -> TECHNICAL_ISSUE -> EQUIPMENT_PEOTV_FAULT
8,හෑන්ඩ් ෆෝන් කන්ටැක්ට් එක දෙන්නද?,NONE,ROOT -> TECHNICAL_ISSUE -> EQUIPMENT_PEOTV_FAULT
8,අ අවශ්‍ය නෑ සර්.,NONE,ROOT -> TECHNICAL_ISSUE -> EQUIPMENT_PEOTV_FAULT
8,ඒ අපේ නිලධාරීන් සර්ට කතා කරලයි විස්තර ගන්නේ එහෙනම්.,NONE,ROOT -> TECHNICAL_ISSUE -> EQUIPMENT_PEOTV_FAULT
8,මම උපරිම යොමු කිරීමක් කරන්නම්.,NONE,ROOT -> TECHNICAL_ISSUE -> EQUIPMENT_PEOTV_FAULT
8,සර්.,NONE,ROOT -> TECHNICAL_ISSUE -> EQUIPMENT_PEOTV_FAULT
8,හරි.,NONE,ROOT -> TECHNICAL_ISSUE -> EQUIPMENT_PEOTV_FAULT
8,හරි.,NONE,ROOT -> TECHNICAL_ISSUE -> EQUIPMENT_PEOTV_FAULT
8,හරි.,NONE,ROOT -> TECHNICAL_ISSUE -> EQUIPMENT_PEOTV_FAULT
8,හරි.,NONE,ROOT -> TECHNICAL_ISSUE -> EQUIPMENT_PEOTV_FAULT
8,හරි.,NONE,ROOT -> TECHNICAL_ISSUE -> EQUIPMENT_PEOTV_FAULT
8,ශ්‍රී ලංකා ටෙලිකොම් ඔබට එලම් කර ස්තූතියි.,NONE,ROOT -> TECHNICAL_ISSUE -> EQUIPMENT_PEOTV_FAULT
8,සදුරුව.,NONE,ROOT -> TECHNICAL_ISSUE -> EQUIPMENT_PEOTV_FAULT
8,මලලාබදුන් සේවාට ස්තූතියි.,NONE,ROOT -> TECHNICAL_ISSUE -> EQUIPMENT_PEOTV_FAULT
9,"ආයුබෝවන්, ශ්‍රී ලංකා ටෙලිකම් වෙතින් පුලින විජේරත්න සහාය වන්න.",NONE,ROOT
9,හලෝ?,NONE,ROOT
9,ඔව්.,NONE,ROOT
9,අපැහැදිලියි මැඩම් ලයින් එක.,NONE,ROOT
9,මාව ඇහෙනවද?,NONE,ROOT
9,"ඔව්, ඔව්, ඔබ ඇහෙයි.",NONE,ROOT
9,ආ කියන්න මැඩම්.,NONE,ROOT
9,අපිට කෝල් එක එනවාද?,NONE,ROOT
9,ඔබ විසින් ඇතුලත් කරපු නම්බර් එකේද ප්‍රශ්නේ තියෙන්නෙ?,NONE,ROOT
9,"ඔව්, වි ටීවී වැඩ කරන්නේ නෑ කියනවා දැන්.",NONE,ROOT
9,ලේනගේ මහත්මයා නමටද කනෙක්ෂන් එක තියෙන්න ඕනේ?,NONE,ROOT
9,"ඔව්, එහෙමයි.",NONE,ROOT
9,පියෝ ටීවී විතරද ගැටලුව?,NONE,ROOT
9,ඉන්ටනෙට් ෆෝන් ලයින් වැඩ කරනවද?,NONE,ROOT
9,"ඔව්, පියෝ ටීවී නෙමෙයි, පියෝ ටීවී වැඩ කරන්නේ නෑ කියලා මං කිව්වේ.",EQUIPMENT_PEOTV_FAULT,ROOT -> TECHNICAL_ISSUE -> EQUIPMENT_PEOTV_FAULT
9,මොකුත් නෝ සිග්නල් වගේ මැසේජ් එකක් වැටෙනවද ටීවී එකේ?,NONE,ROOT -> TECHNICAL_ISSUE -> EQUIPMENT_PEOTV_FAULT
9,එහෙම නම් තාම නැහැ.,ISSUE_NOT_RESOLVED,ROOT -> TECHNICAL_ISSUE -> ROUTER_RESTART_ATTEMPT -> ISSUE_NOT_RESOLVED
9,මේ මට මේ සර් කිව්ව කනෙක්ෂන් එක තමයි මං මේ චෙක් කරන්නේ.,NONE,ROOT -> TECHNICAL_ISSUE -> ROUTER_RESTART_ATTEMPT -> ISSUE_NOT_RESOLVED
9,මට කිව්වේ පියෝ ටීවී එක වැඩ කරන්නේ නෑ.,EQUIPMENT_PEOTV_FAULT,ROOT -> TECHNICAL_ISSUE -> EQUIPMENT_PEOTV_FAULT
9,රවුටර් වලට වෙලා තියෙන්නේ කියලා.,NONE,ROOT -> TECHNICAL_ISSUE -> EQUIPMENT_PEOTV_FAULT
9,"ආ, එතකොට රවුටර් එකේ, පියෝ ටීවී බොක්ස් එකේ එහෙම වැදගැම්මක් එහෙම විස්තරයක් දන්නේ නැද්ද මැඩම්?",NONE,ROOT -> TECHNICAL_ISSUE -> EQUIPMENT_PEOTV_FAULT
9,අ නැහැ.,NONE,ROOT -> TECHNICAL_ISSUE -> EQUIPMENT_PEOTV_FAULT
9,කාර්මික අංශයට කම්ප්ලේන් එක යොමු කරන්නම් මැඩම්.,TECHNICAL_ESCALATION,ROOT -> TECHNICAL_ISSUE -> ROUTER_RESTART_ATTEMPT -> ISSUE_NOT_RESOLVED -> TECHNICAL_ESCALATION
9,කරුණාකර මූහොතක් රැඳී ඉන්න.,NONE,ROOT -> TECHNICAL_ISSUE -> ROUTER_RESTART_ATTEMPT -> ISSUE_NOT_RESOLVED -> TECHNICAL_ESCALATION
9,ඔව්.,NONE,ROOT -> TECHNICAL_ISSUE -> ROUTER_RESTART_ATTEMPT -> ISSUE_NOT_RESOLVED -> TECHNICAL_ESCALATION
9,ඔව්.,NONE,ROOT -> TECHNICAL_ISSUE -> ROUTER_RESTART_ATTEMPT -> ISSUE_NOT_RESOLVED -> TECHNICAL_ESCALATION
9,අ ස්තුතියි මැඩම්.,NONE,ROOT -> TECHNICAL_ISSUE -> ROUTER_RESTART_ATTEMPT -> ISSUE_NOT_RESOLVED -> TECHNICAL_ESCALATION
9,නැවත සම්බන්ධ කර ගන්න මොබයිල් නම්බර් එකක් ලබා දෙන්න.,NONE,ROOT -> TECHNICAL_ISSUE -> ROUTER_RESTART_ATTEMPT -> ISSUE_NOT_RESOLVED -> TECHNICAL_ESCALATION
9,හරි.,NONE,ROOT -> TECHNICAL_ISSUE -> ROUTER_RESTART_ATTEMPT -> ISSUE_NOT_RESOLVED -> TECHNICAL_ESCALATION
9,බිංදුවයි හැත්තෑ හතයි.,NONE,ROOT -> TECHNICAL_ISSUE -> ROUTER_RESTART_ATTEMPT -> ISSUE_NOT_RESOLVED -> TECHNICAL_ESCALATION
9,හරි.,NONE,ROOT -> TECHNICAL_ISSUE -> ROUTER_RESTART_ATTEMPT -> ISSUE_NOT_RESOLVED -> TECHNICAL_ESCALATION
9,තුන්සිය පනස් අටයි.,NONE,ROOT -> TECHNICAL_ISSUE -> ROUTER_RESTART_ATTEMPT -> ISSUE_NOT_RESOLVED -> TECHNICAL_ESCALATION
9,හරි.,NONE,ROOT -> TECHNICAL_ISSUE -> ROUTER_RESTART_ATTEMPT -> ISSUE_NOT_RESOLVED -> TECHNICAL_ESCALATION
9,"සියයි, තිස් තුන.",NONE,ROOT -> TECHNICAL_ISSUE -> ROUTER_RESTART_ATTEMPT -> ISSUE_NOT_RESOLVED -> TECHNICAL_ESCALATION
9,කම්ප්ලේන් නම්බර් එක මැඩම් කිව්ව මොබයිල් එකට එස්එම්එස් වෙනවා.,NONE,ROOT -> TECHNICAL_ISSUE -> ROUTER_RESTART_ATTEMPT -> ISSUE_NOT_RESOLVED -> TECHNICAL_ESCALATION
9,කාර්මික අංශයට දැනුවත් කරල තියෙන්නේ.,TECHNICAL_ESCALATION,ROOT -> TECHNICAL_ISSUE -> ROUTER_RESTART_ATTEMPT -> ISSUE_NOT_RESOLVED -> TECHNICAL_ESCALATION
9,හරි.,NONE,ROOT -> TECHNICAL_ISSUE -> ROUTER_RESTART_ATTEMPT -> ISSUE_NOT_RESOLVED -> TECHNICAL_ESCALATION
9,තව මොනවා හරි දැනගන්න අවශ්‍යද?,NONE,ROOT -> TECHNICAL_ISSUE -> ROUTER_RESTART_ATTEMPT -> ISSUE_NOT_RESOLVED -> TECHNICAL_ESCALATION
9,අ නැහැ.,NONE,ROOT -> TECHNICAL_ISSUE -> ROUTER_RESTART_ATTEMPT -> ISSUE_NOT_RESOLVED -> TECHNICAL_ESCALATION
9,මා ලබා දුන් සේවය පිළිබඳ ස්තූතිවන්ත වෙන්න.,NONE,ROOT -> TECHNICAL_ISSUE -> ROUTER_RESTART_ATTEMPT -> ISSUE_NOT_RESOLVED -> TECHNICAL_ESCALATION
9,"එස්එල්ටී මොබිටෙල් සමඟ ස්තූතියි, සුබ දවසක්.",NONE,ROOT -> TECHNICAL_ISSUE -> ROUTER_RESTART_ATTEMPT -> ISSUE_NOT_RESOLVED -> TECHNICAL_ESCALATION
10,ආයුබෝවන් ඩයලොග් සේවා සාභාවන්න.,NONE,ROOT
10,ආයුබෝවන්.,NONE,ROOT
10,සම්පූර්ණ ලයින් එක දැන් මේ අලුත් ලයින් එකක් තියෙන්නේ.,NONE,ROOT
10,ඔව් මේ රතුපාට මේ ලොස් එක පෙන්නනවා.,LINE_FAULT_LOS,ROOT -> TECHNICAL_ISSUE -> LINE_FAULT_LOS
10,මේ කනෙක්ෂන් එකක් නෑනේ.,NONE,ROOT -> TECHNICAL_ISSUE -> LINE_FAULT_LOS
10,රතුපාට ලයිට් එක පත් වෙනවා නේද?,NONE,ROOT -> TECHNICAL_ISSUE -> LINE_FAULT_LOS
10,නම තියෙන්නේ කොහොමද?,NONE,ROOT -> TECHNICAL_ISSUE -> LINE_FAULT_LOS
10,කනෙක්ෂන් එකේ අයිතිකරුගේ?,NONE,ROOT -> TECHNICAL_ISSUE -> LINE_FAULT_LOS
10,මේකේ තියෙන්නේ මම හිතන්නේ වයිෆයි නම්බර්.,NONE,ROOT -> TECHNICAL_ISSUE -> LINE_FAULT_LOS
10,ශ්‍යාමලී ද ධුෂ්යන්ති කියලා කෙනෙක් වෙන්න ඕනේ.,NONE,ROOT -> TECHNICAL_ISSUE -> LINE_FAULT_LOS
10,ආ රවුටර් එකේ රතුපාට ලයිට් එක පත් වෙනකොට කේබල් ඩැමේජ් එකක් වුණාම ටෙලිෆෝන් ලයින් එකත් පාවිච්චි කරනවද මේක හරහා?,NONE,ROOT -> TECHNICAL_ISSUE -> LINE_FAULT_LOS
10,ඔව් ඔව් පාවිච්චි කරනවා.,NONE,ROOT -> TECHNICAL_ISSUE -> LINE_FAULT_LOS
10,හරි.,NONE,ROOT -> TECHNICAL_ISSUE -> LINE_FAULT_LOS
10,කතා කරන සර්ගේ නම කියන්න.,NONE,ROOT -> TECHNICAL_ISSUE -> LINE_FAULT_LOS
10,මම දේශප්‍රිය.,NONE,ROOT -> TECHNICAL_ISSUE -> LINE_FAULT_LOS
10,දේශප්‍රිය නේද?,NONE,ROOT -> TECHNICAL_ISSUE -> LINE_FAULT_LOS
10,හරි.,NONE,ROOT -> TECHNICAL_ISSUE -> LINE_FAULT_LOS
10,සම්බන්ධ කරපු මොබයිල් නම්බර් එකත් කියන්න සර්ගේ.,NONE,ROOT -> TECHNICAL_ISSUE -> LINE_FAULT_LOS
10,අහ් මේකේ නම් මම මොබයිල් නම්බර් එකම කියන්නම්.,NONE,ROOT -> TECHNICAL_ISSUE -> LINE_FAULT_LOS
10,මොකද මම මේක එන්ටරියක් දානවනේ.,NONE,ROOT -> TECHNICAL_ISSUE -> LINE_FAULT_LOS
10,නුමුත් එයාට කතා කරන්න පුළුවන් 074යි.,NONE,ROOT -> TECHNICAL_ISSUE -> LINE_FAULT_LOS
10,ඔව්.,NONE,ROOT -> TECHNICAL_ISSUE -> LINE_FAULT_LOS
10,494යි,NONE,ROOT -> TECHNICAL_ISSUE -> LINE_FAULT_LOS
10,හරි.,NONE,ROOT -> TECHNICAL_ISSUE -> LINE_FAULT_LOS
10,13යි 86යි.,NONE,ROOT -> TECHNICAL_ISSUE -> LINE_FAULT_LOS
10,හරි මම තරුන්දීම කරලා තියෙන්නේ ටීම් එකට.,NONE,ROOT -> TECHNICAL_ISSUE -> LINE_FAULT_LOS
10,බලාපොරොත්තුවෙන් පුළුවන් ඉක්මනින්ම.,NONE,ROOT -> TECHNICAL_ISSUE -> LINE_FAULT_LOS
10,හරි ඕකේ.,NONE,ROOT -> TECHNICAL_ISSUE -> LINE_FAULT_LOS
10,තැන්ක් යූ.,NONE,ROOT -> TECHNICAL_ISSUE -> LINE_FAULT_LOS
10,හරි බොහොම ස්තූතියි.,NONE,ROOT -> TECHNICAL_ISSUE -> LINE_FAULT_LOS
10,ඔව්.,NONE,ROOT -> TECHNICAL_ISSUE -> LINE_FAULT_LOS
10,නෑ.,NONE,ROOT -> TECHNICAL_ISSUE -> LINE_FAULT_LOS
10,තැන්ක් යූ.,NONE,ROOT -> TECHNICAL_ISSUE -> LINE_FAULT_LOS
10,තව මොනවා හරි දැනගන්න තියෙනවද?,NONE,ROOT -> TECHNICAL_ISSUE -> LINE_FAULT_LOS
10,සර් තිලක් මට දසප්‍රිය.,NONE,ROOT -> TECHNICAL_ISSUE -> LINE_FAULT_LOS
10,සුබ දවසක්.,NONE,ROOT -> TECHNICAL_ISSUE -> LINE_FAULT_LOS
10,තැන්ක් යූ.,NONE,ROOT -> TECHNICAL_ISSUE -> LINE_FAULT_LOS
11,ආයුබෝවන්.,NONE,ROOT
11,මම ශ්‍රියානි මඩුපනි.,NONE,ROOT
11,ඔබට සහය වන්න.,NONE,ROOT
11,ටිස්ස මගේ රවටර් එක වැඩ කරන්නේ නෑනේ.,EQUIPMENT_ROUTER_FAULT,ROOT -> TECHNICAL_ISSUE -> EQUIPMENT_ROUTER_FAULT
11,රවටර් එක?,NONE,ROOT -> TECHNICAL_ISSUE -> EQUIPMENT_ROUTER_FAULT
11,ඔව්.,NONE,ROOT -> TECHNICAL_ISSUE -> EQUIPMENT_ROUTER_FAULT
11,ෂිට් එක බලන්න.,NONE,ROOT -> TECHNICAL_ISSUE -> EQUIPMENT_ROUTER_FAULT
11,කතා කරන නම්බර් එකද?,NONE,ROOT -> TECHNICAL_ISSUE -> EQUIPMENT_ROUTER_FAULT
11,ඔව් කතා කරන නම්බර් එක.,NONE,ROOT -> TECHNICAL_ISSUE -> EQUIPMENT_ROUTER_FAULT
11,කතා කරන නම්බර් එක.,NONE,ROOT -> TECHNICAL_ISSUE -> EQUIPMENT_ROUTER_FAULT
11,නම කියන්න සර් රෙජිස්ටර් වෙලා තියෙන.,NONE,ROOT -> TECHNICAL_ISSUE -> EQUIPMENT_ROUTER_FAULT
11,ඒ ඒ ගීතා.,NONE,ROOT -> TECHNICAL_ISSUE -> EQUIPMENT_ROUTER_FAULT
11,ෆයිබර් ලයින් එකක් නේ තියෙන්නේ.,NONE,ROOT -> TECHNICAL_ISSUE -> EQUIPMENT_ROUTER_FAULT
11,රවටර් එක දැන් සර් ෆෝන් එකෙන් කතා කරන්නේ ඒ ලයින් එකෙන්ම නේද?,NONE,ROOT -> TECHNICAL_ISSUE -> EQUIPMENT_ROUTER_FAULT
11,ඒ ලයින් එකෙන්.,NONE,ROOT -> TECHNICAL_ISSUE -> EQUIPMENT_ROUTER_FAULT
11,රවටර් එක වැඩ කරන්නේ සර් කියන්නේ ඉන්ටනෙට් වැඩ කරන්නේ නැහැ කියලද?,INTERNET_ISSUE,ROOT -> TECHNICAL_ISSUE -> INTERNET_ISSUE
11,ඉන්ටනෙට් වැඩ කරන්නේ නෑ.,INTERNET_ISSUE,ROOT -> TECHNICAL_ISSUE -> INTERNET_ISSUE
11,ඉන්ටනෙට් කනෙක්ට් වෙන්නේ කම්පියුටර් එකට නෙට්වර්ක් කනෙක්ට් කරලාද නැත්නම් වයිෆයිද?,NONE,ROOT -> TECHNICAL_ISSUE -> INTERNET_ISSUE
11,වයිෆයි.,NONE,ROOT -> TECHNICAL_ISSUE -> INTERNET_ISSUE
11,බලන්න වයිෆයි කියලා හරි ඩබ්ලිව් ලෑන් කියලා ලයිට් එක රවටර් එකේ පත් වෙනවද කියලා?,NONE,ROOT -> TECHNICAL_ISSUE -> INTERNET_ISSUE
11,පත් වෙනවා.,NONE,ROOT -> TECHNICAL_ISSUE -> INTERNET_ISSUE
11,පත් වෙනවා.,NONE,ROOT -> TECHNICAL_ISSUE -> INTERNET_ISSUE
11,පාස්වර්ඩ් මොනවා හරි චේන්ජ් කරාද සර්?,NONE,ROOT -> TECHNICAL_ISSUE -> INTERNET_ISSUE
11,මේ චේන්ජ් කරේ නැහැ.,NONE,ROOT -> TECHNICAL_ISSUE -> INTERNET_ISSUE
11,චේන්ජ් කරේ නැහැ.,NONE,ROOT -> TECHNICAL_ISSUE -> INTERNET_ISSUE
11,ඉන්ටනෙට් කනෙක්ට් වෙන්නේ නැහැ.,INTERNET_ISSUE,ROOT -> TECHNICAL_ISSUE -> INTERNET_ISSUE
11,නෑ කනෙක්ට් වෙන්නේ නෑ.,NONE,ROOT -> TECHNICAL_ISSUE -> INTERNET_ISSUE
11,එහෙනම් කොම්ප්ලේන් එකක් දාන්නම්.,TECHNICAL_ESCALATION,ROOT -> TECHNICAL_ISSUE -> ROUTER_RESTART_ATTEMPT -> ISSUE_NOT_RESOLVED -> TECHNICAL_ESCALATION
11,ඇමතුමේ රැඳී ඉන්න.,NONE,ROOT -> TECHNICAL_ISSUE -> ROUTER_RESTART_ATTEMPT -> ISSUE_NOT_RESOLVED -> TECHNICAL_ESCALATION
11,පුතේ.,NONE,ROOT -> TECHNICAL_ISSUE -> ROUTER_RESTART_ATTEMPT -> ISSUE_NOT_RESOLVED -> TECHNICAL_ESCALATION
11,රැඳී සිටියාට ස්තූතියි සර්.,NONE,ROOT -> TECHNICAL_ISSUE -> ROUTER_RESTART_ATTEMPT -> ISSUE_NOT_RESOLVED -> TECHNICAL_ESCALATION
11,මට කියන්න කන්ටැක්ට් කරගන්න පුළුවන් මොබයිල් නම්බර් එකක්.,NONE,ROOT -> TECHNICAL_ISSUE -> ROUTER_RESTART_ATTEMPT -> ISSUE_NOT_RESOLVED -> TECHNICAL_ESCALATION
11,බින්දුවයි හතයි හයයි.,NONE,ROOT -> TECHNICAL_ISSUE -> ROUTER_RESTART_ATTEMPT -> ISSUE_NOT_RESOLVED -> TECHNICAL_ESCALATION
11,පහයි හතරයි.,NONE,ROOT -> TECHNICAL_ISSUE -> ROUTER_RESTART_ATTEMPT -> ISSUE_NOT_RESOLVED -> TECHNICAL_ESCALATION
11,"බින්දුවයි හතයි හයයි, පහයි හතරයි, දහනවයයි.",NONE,ROOT -> TECHNICAL_ISSUE -> ROUTER_RESTART_ATTEMPT -> ISSUE_NOT_RESOLVED -> TECHNICAL_ESCALATION
11,හරි.,NONE,ROOT -> TECHNICAL_ISSUE -> ROUTER_RESTART_ATTEMPT -> ISSUE_NOT_RESOLVED -> TECHNICAL_ESCALATION
11,539.,NONE,ROOT -> TECHNICAL_ISSUE -> ROUTER_RESTART_ATTEMPT -> ISSUE_NOT_RESOLVED -> TECHNICAL_ESCALATION
11,ඇමතුම රැඳී ඉන්න.,NONE,ROOT -> TECHNICAL_ISSUE -> ROUTER_RESTART_ATTEMPT -> ISSUE_NOT_RESOLVED -> TECHNICAL_ESCALATION
11,පුතේ පාස්වර්ඩ් එහෙම මාරු කරාද?,NONE,ROOT -> TECHNICAL_ISSUE -> ROUTER_RESTART_ATTEMPT -> ISSUE_NOT_RESOLVED -> TECHNICAL_ESCALATION
11,රැඳී සිටියාට ස්තූතියි.,NONE,ROOT -> TECHNICAL_ISSUE -> ROUTER_RESTART_ATTEMPT -> ISSUE_NOT_RESOLVED -> TECHNICAL_ESCALATION
11,ඒ සම්බන්ධව මම රිපෝට් එකක් යොමු කරා.,NONE,ROOT -> TECHNICAL_ISSUE -> ROUTER_RESTART_ATTEMPT -> ISSUE_NOT_RESOLVED -> TECHNICAL_ESCALATION
11,ටෙක්නිකල් අංශයෙන් චෙක් කරලා බලයි.,TECHNICAL_ESCALATION,ROOT -> TECHNICAL_ISSUE -> ROUTER_RESTART_ATTEMPT -> ISSUE_NOT_RESOLVED -> TECHNICAL_ESCALATION
11,හොඳද?,NONE,ROOT -> TECHNICAL_ISSUE -> ROUTER_RESTART_ATTEMPT -> ISSUE_NOT_RESOLVED -> TECHNICAL_ESCALATION
11,නෑ  මිස්  නෑ.,NONE,ROOT -> TECHNICAL_ISSUE -> ROUTER_RESTART_ATTEMPT -> ISSUE_NOT_RESOLVED -> TECHNICAL_ESCALATION
11,වෙනත් යමක් දැන ගැනීමට අවශ්‍යයිද?,NONE,ROOT -> TECHNICAL_ISSUE -> ROUTER_RESTART_ATTEMPT -> ISSUE_NOT_RESOLVED -> TECHNICAL_ESCALATION
11,නෑ  මිස්  නෑ.,NONE,ROOT -> TECHNICAL_ISSUE -> ROUTER_RESTART_ATTEMPT -> ISSUE_NOT_RESOLVED -> TECHNICAL_ESCALATION
11,මා ලබාදුන් සේවය ගියම සඳහා රැඳී සිටින්න.,NONE,ROOT -> TECHNICAL_ISSUE -> ROUTER_RESTART_ATTEMPT -> ISSUE_NOT_RESOLVED -> TECHNICAL_ESCALATION
11,ස්තූතියි මම ඔබට එළමතු අඩි ස්තූතියි.,NONE,ROOT -> TECHNICAL_ISSUE -> ROUTER_RESTART_ATTEMPT -> ISSUE_NOT_RESOLVED -> TECHNICAL_ESCALATION
12,ආයුබෝවන් මම දර්ශන මට පුළුවන්ද ඔබට සහාය වන්න?,NONE,ROOT
12,ආයුබෝවන් සර්.,NONE,ROOT
12,කියන්න සර්.,NONE,ROOT
12,සර් මේකේ මේ මේ ෆයිබර් කනෙක්ෂන් එක තියෙන්නේ ඉන්ටනෙට් සම්බන්ධ කරගන්න අමාරුයි නේ.,INTERNET_ISSUE,ROOT -> TECHNICAL_ISSUE -> INTERNET_ISSUE
12,දැනට ෂෝන එකට අදාළව නම තියන්න කොහොමද සර්?,NONE,ROOT -> TECHNICAL_ISSUE -> INTERNET_ISSUE
12,ඩබ්ලිව් එච් ලක්රුවන් ද සිල්වා.,NONE,ROOT -> TECHNICAL_ISSUE -> INTERNET_ISSUE
12,රවුටර් එක ඕෆ් කරලා ඔන් කරලා චෙක් කරලා බැලුවද සර්?,NONE,ROOT -> TECHNICAL_ISSUE -> INTERNET_ISSUE
12,සර් කරා මම මහත්තයා.,NONE,ROOT -> TECHNICAL_ISSUE -> INTERNET_ISSUE
12,එතනට වැඩ කරන්නේ නැද්ද සර්?,NONE,ROOT -> TECHNICAL_ISSUE -> INTERNET_ISSUE
12,නෑ.,NONE,ROOT -> TECHNICAL_ISSUE -> INTERNET_ISSUE
12,කතා කරන සර් ගේ නම කියන්න.,NONE,ROOT -> TECHNICAL_ISSUE -> INTERNET_ISSUE
12,අ ලක්රුවන් ද සිල්වා.,NONE,ROOT -> TECHNICAL_ISSUE -> INTERNET_ISSUE
12,අවශ්‍යතාවයක් වුනොත් නැවත සම්බන්ධ කරන්න පුළුවන් නම්බර් එකක් කියන්න සර්.,NONE,ROOT -> TECHNICAL_ISSUE -> INTERNET_ISSUE
12,78යි.,NONE,ROOT -> TECHNICAL_ISSUE -> INTERNET_ISSUE
12,හරි.,NONE,ROOT -> TECHNICAL_ISSUE -> INTERNET_ISSUE
12,317යි.,NONE,ROOT -> TECHNICAL_ISSUE -> INTERNET_ISSUE
12,හරි.,NONE,ROOT -> TECHNICAL_ISSUE -> INTERNET_ISSUE
12,95 99.,NONE,ROOT -> TECHNICAL_ISSUE -> INTERNET_ISSUE
12,උදේ සම්බන්ධව අදාළ අංශය දැනුවත් කරලා තියෙන්නේ පරීක්ෂා කරලා නිවැරදි කිරීම් කරයි සර්.,NONE,ROOT -> TECHNICAL_ISSUE -> INTERNET_ISSUE
12,ඕකේ.,NONE,ROOT -> TECHNICAL_ISSUE -> INTERNET_ISSUE
12,සර් මේ මේ මම දැන් මේ මේ මේ මෙතනට සම්බන්ධ කරමිද්දි කිව්වා මේ මේ ඩේටා ප්‍රමාණය ප්‍රමාණවත් මදි කියලා කතාවක් එහෙම මේ ඒක මැෂින් එකේ කියපු එකක්ද කවුරු හරි කතා කරපු එකක්ද කියලා මට හිතාගන්න බෑ.,NONE,ROOT -> TECHNICAL_ISSUE -> INTERNET_ISSUE
12,ඒක මොකක්ද මේ කොහොමද ඩේටා තත්වය?,NONE,ROOT -> TECHNICAL_ISSUE -> INTERNET_ISSUE
12,සර් ඇක්ටිව් කරලා තියෙන පැකේජ් එකට අපි මන්ත්ලි ඩේටා ප්‍රමාණයක් ලිමිට් කරලා නැහැ.,NONE,ROOT -> TECHNICAL_ISSUE -> INTERNET_ISSUE
12,මේ ජීබී ප්‍රමාණය තමයි ලබා දෙන්නේ කියලා එහෙම ලිමිට් කරලා ජීබී ප්‍රමාණයක් ලබා දෙන්නේ නැහැ.,NONE,ROOT -> TECHNICAL_ISSUE -> INTERNET_ISSUE
12,අන්ලිමිටඩ් පැකේජ් එකක් ඇක්ටිව් කරලා තියෙන්නේ.,NONE,ROOT -> TECHNICAL_ISSUE -> INTERNET_ISSUE
12,ඔව්.,NONE,ROOT -> TECHNICAL_ISSUE -> INTERNET_ISSUE
12,එතකොට එහෙම රෙකෝඩින් එකක් ගියේ ඇයි මේ ජීවී ප්‍රමාණය මදි ඒක තමයි ෂෝ වෙලා තියෙන්නේ කියලා.,NONE,ROOT -> TECHNICAL_ISSUE -> INTERNET_ISSUE
12,අපේ හැමනොත් ඒක තාක්ෂණික අංශයටම දැනුම් දීම කරන්නම් චෙක් කරලා බලන්න කියලා.,TECHNICAL_ESCALATION,ROOT -> TECHNICAL_ISSUE -> ROUTER_RESTART_ATTEMPT -> ISSUE_NOT_RESOLVED -> TECHNICAL_ESCALATION
12,ඔව් ඒක තමයි.,NONE,ROOT -> TECHNICAL_ISSUE -> ROUTER_RESTART_ATTEMPT -> ISSUE_NOT_RESOLVED -> TECHNICAL_ESCALATION
12,දැන් මම මේ මේ බොහොම මේ මේ අපැහැදිලියට වත්තයක් මතු වුණා මට.,NONE,ROOT -> TECHNICAL_ISSUE -> ROUTER_RESTART_ATTEMPT -> ISSUE_NOT_RESOLVED -> TECHNICAL_ESCALATION
12,මේ ඕක ස්ලෝ වෙලා තියෙන්නේ ජීවී ප්‍රමාණය මදි නිසා කියන කතාවක් කිව්වා.,NONE,ROOT -> TECHNICAL_ISSUE -> ROUTER_RESTART_ATTEMPT -> ISSUE_NOT_RESOLVED -> TECHNICAL_ESCALATION
12,ඒක අ මැෂින් එකේ කිව්වද එහෙම නැත්නම් මට හිතාගන්න බෑ.,NONE,ROOT -> TECHNICAL_ISSUE -> ROUTER_RESTART_ATTEMPT -> ISSUE_NOT_RESOLVED -> TECHNICAL_ESCALATION
12,ඒකයි මම මේ දැන් මේ ගැන මේ ආපහු මේ කතා කරන්න හිතුණේ.,NONE,ROOT -> TECHNICAL_ISSUE -> ROUTER_RESTART_ATTEMPT -> ISSUE_NOT_RESOLVED -> TECHNICAL_ESCALATION
12,මේ.,NONE,ROOT -> TECHNICAL_ISSUE -> ROUTER_RESTART_ATTEMPT -> ISSUE_NOT_RESOLVED -> TECHNICAL_ESCALATION
12,මහත්තයා මේක මේ මේ මොකද කරන්නේ මේ ලැප් එකට දැන් සම්බන්ධ කරගන්න බැලුවා බැලුවා ලැප් එකට සම්බන්ධ කරගන්න බෑ.,NONE,ROOT -> TECHNICAL_ISSUE -> ROUTER_RESTART_ATTEMPT -> ISSUE_NOT_RESOLVED -> TECHNICAL_ESCALATION
12,දැන් වෙන තැනකට ලැප් එක අරන් ගිහිල්ලා වෙන ගෙදරකට අරන් ගියාම ලැප් එකට ෆයිබර් ලයින් එක වැඩ.,NONE,ROOT -> TECHNICAL_ISSUE -> ROUTER_RESTART_ATTEMPT -> ISSUE_NOT_RESOLVED -> TECHNICAL_ESCALATION
12,දැන් මගේ ගෙදරදී මේකට ෆයිබර් ලයින් එක කනෙක්ට් වෙන්නේ නැහැ.,NONE,ROOT -> TECHNICAL_ISSUE -> ROUTER_RESTART_ATTEMPT -> ISSUE_NOT_RESOLVED -> TECHNICAL_ESCALATION
12,දැන් ගෙස්ට් කෙනෙක් ඇස් කරගන්න බැරුව එයාටත් කරගන්න අමාරු වුණා.,NONE,ROOT -> TECHNICAL_ISSUE -> ROUTER_RESTART_ATTEMPT -> ISSUE_NOT_RESOLVED -> TECHNICAL_ESCALATION
12,කරගන්න බැරි වුණා.,NONE,ROOT -> TECHNICAL_ISSUE -> ROUTER_RESTART_ATTEMPT -> ISSUE_NOT_RESOLVED -> TECHNICAL_ESCALATION
12,ආ එහෙනම් හොඳ එහෙම කරලා තියන්න.,NONE,ROOT -> TECHNICAL_ISSUE -> ROUTER_RESTART_ATTEMPT -> ISSUE_NOT_RESOLVED -> TECHNICAL_ESCALATION
12,පරීක්ෂා කරලා සර්ව සම්බන්ධ කරන්න.,NONE,ROOT -> TECHNICAL_ISSUE -> ROUTER_RESTART_ATTEMPT -> ISSUE_NOT_RESOLVED -> TECHNICAL_ESCALATION
12,ඕකේ සර්.,NONE,ROOT -> TECHNICAL_ISSUE -> ROUTER_RESTART_ATTEMPT -> ISSUE_NOT_RESOLVED -> TECHNICAL_ESCALATION
12,රයිට්.,NONE,ROOT -> TECHNICAL_ISSUE -> ROUTER_RESTART_ATTEMPT -> ISSUE_NOT_RESOLVED -> TECHNICAL_ESCALATION
12,එසිට එහෙම අමතව ඔබට ස්තූතියි.,NONE,ROOT -> TECHNICAL_ISSUE -> ROUTER_RESTART_ATTEMPT -> ISSUE_NOT_RESOLVED -> TECHNICAL_ESCALATION
12,සුභ දවසක්.,NONE,ROOT -> TECHNICAL_ISSUE -> ROUTER_RESTART_ATTEMPT -> ISSUE_NOT_RESOLVED -> TECHNICAL_ESCALATION
12,දන අමතුවා සඳහා රැඳී සිටින්න.,NONE,ROOT -> TECHNICAL_ISSUE -> ROUTER_RESTART_ATTEMPT -> ISSUE_NOT_RESOLVED -> TECHNICAL_ESCALATION
12,සුභ දවසක්.,NONE,ROOT -> TECHNICAL_ISSUE -> ROUTER_RESTART_ATTEMPT -> ISSUE_NOT_RESOLVED -> TECHNICAL_ESCALATION
13,ආයුබෝවන් මම ප්‍රියංගි.,NONE,ROOT
13,මට පුළුවන්ද ඔබට සහාය වන්න?,NONE,ROOT
13,ආයුබෝවන්.,NONE,ROOT
13,අ මගේ සර්ගේට ඊයේ ඉඳන්ම මේ කඩ කඩ තමයි එන්නේ වන්ද.,NONE,ROOT
13,ඒකෙන් එනල් එක කමක් නැත්තෙන්න.,NONE,ROOT
13,කමක නම්බර් එක කියන්න පුළුවන්ද?,NONE,ROOT
13,ඔව් 071565.,NONE,ROOT
13,එහෙම කරගෙන නම් අ තියෙන්නේ.,NONE,ROOT
13,අ එස්එස්ඩී ටූට් දර්ශන තෙරෙලා.,NONE,ROOT
13,ඔව් දස ඒකෙ නම් මොකවත් එහෙම විෂයක් පෙන්නන්නේ නැහැ.,NONE,ROOT
13,ස්පීඩ් එක නෝමල් තියෙන්නේ.,SPEED_INQUIRY,ROOT -> NEW_CONNECTION_INQUIRY -> PACKAGE_AND_PRICING_INQUIRY -> SPEED_INQUIRY
13,දැනට ඊයේ වෙනකොට නම් සමහරවිට ස්ලෝ වෙලා තිබිලා එහෙම වුණාද කියන්න බලන්න බැහැ.,NONE,ROOT -> NEW_CONNECTION_INQUIRY -> PACKAGE_AND_PRICING_INQUIRY -> SPEED_INQUIRY
13,දැනට මේ ලයින් එක ඇක්ටිව් තියෙන්නේ.,NONE,ROOT -> NEW_CONNECTION_INQUIRY -> PACKAGE_AND_PRICING_INQUIRY -> SPEED_INQUIRY
13,සර්විස් ස්පීඩ් එක නෝමල්.,SPEED_INQUIRY,ROOT -> NEW_CONNECTION_INQUIRY -> PACKAGE_AND_PRICING_INQUIRY -> SPEED_INQUIRY
13,සාමාන්‍යයෙන් මාසේ අවසන් වෙනකොට පැකේජ් එක ඩේටා ඉවර වෙනකොට ස්ලෝ වෙනවා සර්.,NONE,ROOT -> NEW_CONNECTION_INQUIRY -> PACKAGE_AND_PRICING_INQUIRY -> SPEED_INQUIRY
13,සමහරවිට එහෙම දෙයක් නැති.,NONE,ROOT -> NEW_CONNECTION_INQUIRY -> PACKAGE_AND_PRICING_INQUIRY -> SPEED_INQUIRY
13,දැන් මේ රවුටරේ ඕෆ් කරලා ඔන් කරලා බලන්න සර්.,NONE,ROOT -> NEW_CONNECTION_INQUIRY -> PACKAGE_AND_PRICING_INQUIRY -> SPEED_INQUIRY
13,රවුටරේ ඕෆ් කරලා ඔන් කරලා?,NONE,ROOT -> NEW_CONNECTION_INQUIRY -> PACKAGE_AND_PRICING_INQUIRY -> SPEED_INQUIRY
13,ඔව්.,NONE,ROOT -> NEW_CONNECTION_INQUIRY -> PACKAGE_AND_PRICING_INQUIRY -> SPEED_INQUIRY
13,දැනට සර්ට පැකේජ් එකට ඩේටා ඇඩ් වෙලා තියෙන්නේ අද.,NONE,ROOT -> NEW_CONNECTION_INQUIRY -> PACKAGE_AND_PRICING_INQUIRY -> SPEED_INQUIRY
13,ඇඩ් වෙලා තියෙන්නේ නේද?,NONE,ROOT -> NEW_CONNECTION_INQUIRY -> PACKAGE_AND_PRICING_INQUIRY -> SPEED_INQUIRY
13,ඔව් සර්.,NONE,ROOT -> NEW_CONNECTION_INQUIRY -> PACKAGE_AND_PRICING_INQUIRY -> SPEED_INQUIRY
13,අ ස්පීඩ් එක ස්ලෝ වෙලා මොකක් හරි?,SPEED_INQUIRY,ROOT -> NEW_CONNECTION_INQUIRY -> PACKAGE_AND_PRICING_INQUIRY -> SPEED_INQUIRY
13,නැහැ සර්.,NONE,ROOT -> NEW_CONNECTION_INQUIRY -> PACKAGE_AND_PRICING_INQUIRY -> SPEED_INQUIRY
13,ස්පීඩ් එක නෝමල් පෙන්නන්නේ.,SPEED_INQUIRY,ROOT -> NEW_CONNECTION_INQUIRY -> PACKAGE_AND_PRICING_INQUIRY -> SPEED_INQUIRY
13,"මට මොකුත් ෆෝන්ස් වලටවත්, ලැප්ටොප් වලටවත් මේ එන්නේ නැහැ.",NONE,ROOT -> NEW_CONNECTION_INQUIRY -> PACKAGE_AND_PRICING_INQUIRY -> SPEED_INQUIRY
13,නෝ ඉන්ටර්නෙට් කියලා තමයි එන්නේ.,NONE,ROOT -> NEW_CONNECTION_INQUIRY -> PACKAGE_AND_PRICING_INQUIRY -> SPEED_INQUIRY
13,රවුටර් එක ඕෆ් කරලා ඔන් කරලා බැලුවද සර්?,NONE,ROOT -> NEW_CONNECTION_INQUIRY -> PACKAGE_AND_PRICING_INQUIRY -> SPEED_INQUIRY
13,අ ඔව්.,NONE,ROOT -> NEW_CONNECTION_INQUIRY -> PACKAGE_AND_PRICING_INQUIRY -> SPEED_INQUIRY
13,ආපහු ඕෆ් කරලා බලන්නම් ඕනේ.,NONE,ROOT -> NEW_CONNECTION_INQUIRY -> PACKAGE_AND_PRICING_INQUIRY -> SPEED_INQUIRY
13,ඒ කියන්නේ ආපහු ඕෆ් කරලා ඔන් කරලා බලන්නම්.,NONE,ROOT -> NEW_CONNECTION_INQUIRY -> PACKAGE_AND_PRICING_INQUIRY -> SPEED_INQUIRY
13,ඔව් සර්.,NONE,ROOT -> NEW_CONNECTION_INQUIRY -> PACKAGE_AND_PRICING_INQUIRY -> SPEED_INQUIRY
13,බලන්න සර්.,NONE,ROOT -> NEW_CONNECTION_INQUIRY -> PACKAGE_AND_PRICING_INQUIRY -> SPEED_INQUIRY
13,කම්ප්ලේන් එකක් දාන්නද සර්?,NONE,ROOT -> NEW_CONNECTION_INQUIRY -> PACKAGE_AND_PRICING_INQUIRY -> SPEED_INQUIRY
13,අ ඔව් කම්ප්ලේන් එකක් දැම්මත් කමක් නැහැ.,NONE,ROOT -> NEW_CONNECTION_INQUIRY -> PACKAGE_AND_PRICING_INQUIRY -> SPEED_INQUIRY
13,කැමති නම් දෙන සර්.,NONE,ROOT -> NEW_CONNECTION_INQUIRY -> PACKAGE_AND_PRICING_INQUIRY -> SPEED_INQUIRY
13,හරි.,NONE,ROOT -> NEW_CONNECTION_INQUIRY -> PACKAGE_AND_PRICING_INQUIRY -> SPEED_INQUIRY
13,ස්තූතියි සර්.,NONE,ROOT -> NEW_CONNECTION_INQUIRY -> PACKAGE_AND_PRICING_INQUIRY -> SPEED_INQUIRY
13,කන්ටැක්ට් කරගන්න මොබයිල් නම්බර් එකක්?,NONE,ROOT -> NEW_CONNECTION_INQUIRY -> PACKAGE_AND_PRICING_INQUIRY -> SPEED_INQUIRY
13,අ 07666.,NONE,ROOT -> NEW_CONNECTION_INQUIRY -> PACKAGE_AND_PRICING_INQUIRY -> SPEED_INQUIRY
13,66.,NONE,ROOT -> NEW_CONNECTION_INQUIRY -> PACKAGE_AND_PRICING_INQUIRY -> SPEED_INQUIRY
13,766.,NONE,ROOT -> NEW_CONNECTION_INQUIRY -> PACKAGE_AND_PRICING_INQUIRY -> SPEED_INQUIRY
13,11831.,NONE,ROOT -> NEW_CONNECTION_INQUIRY -> PACKAGE_AND_PRICING_INQUIRY -> SPEED_INQUIRY
13,1183.,NONE,ROOT -> NEW_CONNECTION_INQUIRY -> PACKAGE_AND_PRICING_INQUIRY -> SPEED_INQUIRY
13,13.,NONE,ROOT -> NEW_CONNECTION_INQUIRY -> PACKAGE_AND_PRICING_INQUIRY -> SPEED_INQUIRY
13,13.,NONE,ROOT -> NEW_CONNECTION_INQUIRY -> PACKAGE_AND_PRICING_INQUIRY -> SPEED_INQUIRY
13,ඔව්.,NONE,ROOT -> NEW_CONNECTION_INQUIRY -> PACKAGE_AND_PRICING_INQUIRY -> SPEED_INQUIRY
13,ඔව්.,NONE,ROOT -> NEW_CONNECTION_INQUIRY -> PACKAGE_AND_PRICING_INQUIRY -> SPEED_INQUIRY
13,කලටක මැසේජ් එකක් එනවා කම්ප්ලේන් නම්බර් එකේ.,NONE,ROOT -> NEW_CONNECTION_INQUIRY -> PACKAGE_AND_PRICING_INQUIRY -> SPEED_INQUIRY
13,ඉන්ෆෝම් කරන්න.,NONE,ROOT -> NEW_CONNECTION_INQUIRY -> PACKAGE_AND_PRICING_INQUIRY -> SPEED_INQUIRY
13,ටෙක්නිකල් ඒරියා එකෙන් බලයි චෙක් කරලා.,NONE,ROOT -> NEW_CONNECTION_INQUIRY -> PACKAGE_AND_PRICING_INQUIRY -> SPEED_INQUIRY
13,හරි.,NONE,ROOT -> NEW_CONNECTION_INQUIRY -> PACKAGE_AND_PRICING_INQUIRY -> SPEED_INQUIRY
13,ඕකේ.,NONE,ROOT -> NEW_CONNECTION_INQUIRY -> PACKAGE_AND_PRICING_INQUIRY -> SPEED_INQUIRY
13,ඕකේ.,NONE,ROOT -> NEW_CONNECTION_INQUIRY -> PACKAGE_AND_PRICING_INQUIRY -> SPEED_INQUIRY
13,වෙනත් දෙයක් දැනගන්න අවශ්‍යද?,NONE,ROOT -> NEW_CONNECTION_INQUIRY -> PACKAGE_AND_PRICING_INQUIRY -> SPEED_INQUIRY
13,අ නැහැ.,NONE,ROOT -> NEW_CONNECTION_INQUIRY -> PACKAGE_AND_PRICING_INQUIRY -> SPEED_INQUIRY
13,නැහැ.,NONE,ROOT -> NEW_CONNECTION_INQUIRY -> PACKAGE_AND_PRICING_INQUIRY -> SPEED_INQUIRY
13,කතා කරන සේවයයි ඊමේල් සඳහා රැඳී සිටින්න.,NONE,ROOT -> NEW_CONNECTION_INQUIRY -> PACKAGE_AND_PRICING_INQUIRY -> SPEED_INQUIRY
13,ස්වරටිට මම දුන්නට ස්තූතියි.,NONE,ROOT -> NEW_CONNECTION_INQUIRY -> PACKAGE_AND_PRICING_INQUIRY -> SPEED_INQUIRY
13,සුභ දවසක්.,NONE,ROOT -> NEW_CONNECTION_INQUIRY -> PACKAGE_AND_PRICING_INQUIRY -> SPEED_INQUIRY
14,ආයුබෝවන් මං කෙලින්ම මට පුළුවන් උදව් සයවන්න.,NONE,ROOT
14,ආයුබෝවන් මං කෙලින්ම මට පුළුවන් උදව් සයවන්න.,NONE,ROOT
14,මිස් මං එන්.එල්.ඩී.ඩි.,NONE,ROOT
14,නිකවැති ෆාම් එකෙන්.,NONE,ROOT
14,ඔව්.,NONE,ROOT
14,"මේ අපේ මිස් ෆෝන් එක වැඩ කරන්නෙත් නෑ, ඉන්ටනෙට් එක වැඩ කරන්නෙත් නෑ.","INTERNET_ISSUE,EQUIPMENT_LANDLINE_FAULT",ROOT -> TECHNICAL_ISSUE -> EQUIPMENT_LANDLINE_FAULT
14,එන්ගේජ් ෆෝන් එකක් වගේ වෙන්නේ.,NONE,ROOT -> TECHNICAL_ISSUE -> EQUIPMENT_LANDLINE_FAULT
14,දිරකත,NONE,ROOT -> TECHNICAL_ISSUE -> EQUIPMENT_LANDLINE_FAULT
14,නෑ.,NONE,ROOT -> TECHNICAL_ISSUE -> EQUIPMENT_LANDLINE_FAULT
14,ඉන්ටනෙට් එක වැඩ කරන්නෙත් නෑ.,INTERNET_ISSUE,ROOT -> TECHNICAL_ISSUE -> INTERNET_ISSUE
14,දුරකතන අංකය කියන්න මැඩම්.,NONE,ROOT -> TECHNICAL_ISSUE -> INTERNET_ISSUE
14,දුරකත.,NONE,ROOT -> TECHNICAL_ISSUE -> INTERNET_ISSUE
14,37යි.,NONE,ROOT -> TECHNICAL_ISSUE -> INTERNET_ISSUE
14,ඔව්.,NONE,ROOT -> TECHNICAL_ISSUE -> INTERNET_ISSUE
14,2යි 80යි.,NONE,ROOT -> TECHNICAL_ISSUE -> INTERNET_ISSUE
14,ඔව්.,NONE,ROOT -> TECHNICAL_ISSUE -> INTERNET_ISSUE
14,258.,NONE,ROOT -> TECHNICAL_ISSUE -> INTERNET_ISSUE
14,ඔව්.,NONE,ROOT -> TECHNICAL_ISSUE -> INTERNET_ISSUE
14,ඒකෙන් ඉන්ටනෙට් එකත් එහෙමම තමයි යන්නේ.,NONE,ROOT -> TECHNICAL_ISSUE -> INTERNET_ISSUE
14,ඒ දෙකම වැඩ කරන්නෙත් නෑ.,NONE,ROOT -> TECHNICAL_ISSUE -> INTERNET_ISSUE
14,මේක ෆයිබර් කනෙක්ෂන් එකක් තියෙන්නේ මැඩම්ගේ.,NONE,ROOT -> TECHNICAL_ISSUE -> INTERNET_ISSUE
14,රවුටර් එකේ බලන්න පී ඕ එන් කියලා ලයිට් එක කොහොමද පත්තු වෙන්නේ කියලා.,NONE,ROOT -> TECHNICAL_ISSUE -> INTERNET_ISSUE
14,"පී අකුරයි, ඕ අකුරයි, එන් අකුරයි.",NONE,ROOT -> TECHNICAL_ISSUE -> INTERNET_ISSUE
14,රවුටර් එකේ.,NONE,ROOT -> TECHNICAL_ISSUE -> INTERNET_ISSUE
14,පී ඕ පී කියලද?,NONE,ROOT -> TECHNICAL_ISSUE -> INTERNET_ISSUE
14,පී ඕ එන් කියන එක.,NONE,ROOT -> TECHNICAL_ISSUE -> INTERNET_ISSUE
14,පී ඕ එන් පත්තු වෙන්නේ නෑ මිස්.,LINE_FAULT_LOS,ROOT -> TECHNICAL_ISSUE -> LINE_FAULT_LOS
14,එල් ඕ එස් කියන එක නිකන් අර ඕ නෑ.,NONE,ROOT -> TECHNICAL_ISSUE -> LINE_FAULT_LOS
14,ඔව්.,NONE,ROOT -> TECHNICAL_ISSUE -> LINE_FAULT_LOS
14,පී ඕ එන් කියලා ලයිට් එක පත්තු වුණේ නැතුව ගියොත් කනෙක්ෂන් මුකුත් වැඩ කිරීමක් කරන්නේ නැහැ.,NONE,ROOT -> TECHNICAL_ISSUE -> LINE_FAULT_LOS
14,කන්නා කරන්න දඩිස් උට මැඩම්.,NONE,ROOT -> TECHNICAL_ISSUE -> LINE_FAULT_LOS
14,මේ කතා කරන නම්බර් එකකින් සම්බන්ධ කිරීම් කරගන්න පුළුවන්ද මැඩම්?,NONE,ROOT -> TECHNICAL_ISSUE -> LINE_FAULT_LOS
14,අ...,NONE,ROOT -> TECHNICAL_ISSUE -> LINE_FAULT_LOS
14,ඔව් පුළුවන්.,NONE,ROOT -> TECHNICAL_ISSUE -> LINE_FAULT_LOS
14,හරි.,NONE,ROOT -> TECHNICAL_ISSUE -> LINE_FAULT_LOS
14,අවතරණ දඩිස්සිටු එන්න.,NONE,ROOT -> TECHNICAL_ISSUE -> LINE_FAULT_LOS
14,ඇම්තරණ දඩිස්සිටින් මැඩම් සෞදර සහ.,NONE,ROOT -> TECHNICAL_ISSUE -> LINE_FAULT_LOS
14,ආ ඉන්නේ.,NONE,ROOT -> TECHNICAL_ISSUE -> LINE_FAULT_LOS
14,හරි හරි.,NONE,ROOT -> TECHNICAL_ISSUE -> LINE_FAULT_LOS
14,ඇම්තරණ දඩිස්සිටියාට ස්තූතියි.,NONE,ROOT -> TECHNICAL_ISSUE -> LINE_FAULT_LOS
14,මම මෙතනින් දැනුම් දීම කරා මැඩම් අදාළ අංකයට.,NONE,ROOT -> TECHNICAL_ISSUE -> LINE_FAULT_LOS
14,ෆැමිලි අංකයට එස්එම්එස් එකක් එනවා.,NONE,ROOT -> TECHNICAL_ISSUE -> LINE_FAULT_LOS
14,මම දැනුම් දීමක් කරා මැඩම්.,NONE,ROOT -> TECHNICAL_ISSUE -> LINE_FAULT_LOS
14,ආ හා හරි.,NONE,ROOT -> TECHNICAL_ISSUE -> LINE_FAULT_LOS
14,වෙනත් යමක් දැන ගැනීමට අවශ්‍යද?,NONE,ROOT -> TECHNICAL_ISSUE -> LINE_FAULT_LOS
14,ඔව් නෑ.,NONE,ROOT -> TECHNICAL_ISSUE -> LINE_FAULT_LOS
14,අපට ඒ දෙක තමයි ඕනේ.,NONE,ROOT -> TECHNICAL_ISSUE -> LINE_FAULT_LOS
14,ඉන්ටනෙට් එක අපට වැඩ කරගන්න නෑ.,NONE,ROOT -> TECHNICAL_ISSUE -> LINE_FAULT_LOS
14,හදල දෙන.,NONE,ROOT -> TECHNICAL_ISSUE -> LINE_FAULT_LOS
14,නෑ.,NONE,ROOT -> TECHNICAL_ISSUE -> LINE_FAULT_LOS
14,කම්ප්ලේන් එක දාලා දැනුම් දීමක් කරා මැඩම්.,TECHNICAL_ESCALATION,ROOT -> TECHNICAL_ISSUE -> ROUTER_RESTART_ATTEMPT -> ISSUE_NOT_RESOLVED -> TECHNICAL_ESCALATION
14,ෆැමිලි අංකයට මැඩම් එස්එම්එස් එකක් එනවා.,NONE,ROOT -> TECHNICAL_ISSUE -> ROUTER_RESTART_ATTEMPT -> ISSUE_NOT_RESOLVED -> TECHNICAL_ESCALATION
14,මම මෙතනින් දැනුම් දීමක් කරා මැඩම්.,NONE,ROOT -> TECHNICAL_ISSUE -> ROUTER_RESTART_ATTEMPT -> ISSUE_NOT_RESOLVED -> TECHNICAL_ESCALATION
14,එස්එල්ටී මොබිකෙල් අමතුවට ස්තූතියි.,NONE,ROOT -> TECHNICAL_ISSUE -> ROUTER_RESTART_ATTEMPT -> ISSUE_NOT_RESOLVED -> TECHNICAL_ESCALATION
14,සුබ දවසක් හා මා ලබා දුන් සේවය ඇගයීම් සඳහා රැඳී සිටින්න.,NONE,ROOT -> TECHNICAL_ISSUE -> ROUTER_RESTART_ATTEMPT -> ISSUE_NOT_RESOLVED -> TECHNICAL_ESCALATION
15,ආයුබෝවන් මම ප්‍රියෝ.,NONE,ROOT
15,මේ මට පුළුවනි ඔබතුට සහායවන්න.,NONE,ROOT
15,ආයුබෝවන්.,NONE,ROOT
15,අපි ඔෆිස් එකේ ලෑන් ලයින් එක වැඩ නැහැ.,EQUIPMENT_LANDLINE_FAULT,ROOT -> TECHNICAL_ISSUE -> EQUIPMENT_LANDLINE_FAULT
15,ඉන්ටනෙට්  වැඩ.,NONE,ROOT -> TECHNICAL_ISSUE -> EQUIPMENT_LANDLINE_FAULT
15,"නමුත් කෝල් එන්න එන්නෙත් නැහැ, යන්නෙත් නැහැ.",EQUIPMENT_LANDLINE_FAULT,ROOT -> TECHNICAL_ISSUE -> EQUIPMENT_LANDLINE_FAULT
15,ඒක කලින්නුත් මේ මේවා කරා.,NONE,ROOT -> TECHNICAL_ISSUE -> EQUIPMENT_LANDLINE_FAULT
15,තාම කවුරුත් ආවේ නැහැ බලන්න.,ISSUE_NOT_RESOLVED,ROOT -> TECHNICAL_ISSUE -> ROUTER_RESTART_ATTEMPT -> ISSUE_NOT_RESOLVED
15,ඒක ගැන පොඩ්ඩක් බලන්න කතා කළේ.,NONE,ROOT -> TECHNICAL_ISSUE -> ROUTER_RESTART_ATTEMPT -> ISSUE_NOT_RESOLVED
15,මෙන්ඩර් කරලා තියෙන්නෙ නම්බර් එකෙන්ද කනෙක්ෂන් එක තියෙන්නේ?,NONE,ROOT -> TECHNICAL_ISSUE -> ROUTER_RESTART_ATTEMPT -> ISSUE_NOT_RESOLVED
15,බිංදුවයි එකයි එකයි දෙකයි අනූ පහයි අසූ පහයි තිස් හත.,NONE,ROOT -> TECHNICAL_ISSUE -> ROUTER_RESTART_ATTEMPT -> ISSUE_NOT_RESOLVED
15,නම් මොකක්ද අයිතිකරුගේ?,NONE,ROOT -> TECHNICAL_ISSUE -> ROUTER_RESTART_ATTEMPT -> ISSUE_NOT_RESOLVED
15,අයිතිකරුගේ නම් මොකක්ද?,NONE,ROOT -> TECHNICAL_ISSUE -> ROUTER_RESTART_ATTEMPT -> ISSUE_NOT_RESOLVED
15,මොකක්ද?,NONE,ROOT -> TECHNICAL_ISSUE -> ROUTER_RESTART_ATTEMPT -> ISSUE_NOT_RESOLVED
15,රිජනල්.,NONE,ROOT -> TECHNICAL_ISSUE -> ROUTER_RESTART_ATTEMPT -> ISSUE_NOT_RESOLVED
15,මොකක්ද මේක ගැළව වෙලා තියෙනවා කිව්වේ සර්?,NONE,ROOT -> TECHNICAL_ISSUE -> ROUTER_RESTART_ATTEMPT -> ISSUE_NOT_RESOLVED
15,ඔෆිස්  ඔෆිසර්  ඉන්චාර්ජ්  ආර් එම් එස් ඩී  කියලා දාලා ඇත්තේ.,NONE,ROOT -> TECHNICAL_ISSUE -> ROUTER_RESTART_ATTEMPT -> ISSUE_NOT_RESOLVED
15,"මේ ගැල්ලුව  කෝල්  එන්නෙත් නැහැ, යන්නෙත් නැහැ.",EQUIPMENT_LANDLINE_FAULT,ROOT -> TECHNICAL_ISSUE -> EQUIPMENT_LANDLINE_FAULT
15,ඒක වැඩ කරන්නෙත් නැහැ.,NONE,ROOT -> TECHNICAL_ISSUE -> EQUIPMENT_LANDLINE_FAULT
15,යුනිට්  එක මම හිතන්නේ වැඩ කරන්නෙ නැහැ වෙන්න ඇති දන්නෙ නැහැ.,NONE,ROOT -> TECHNICAL_ISSUE -> EQUIPMENT_LANDLINE_FAULT
15,ඒ කියන්නේ  පවර්  වෙන්නේ නැහැ කියලාද කියන්නේ  යුනිට්  එකේ සර්?,NONE,ROOT -> TECHNICAL_ISSUE -> EQUIPMENT_LANDLINE_FAULT
15,ඉන්ටනෙට්  යනවා කොහොමහරි.,NONE,ROOT -> TECHNICAL_ISSUE -> EQUIPMENT_LANDLINE_FAULT
15,හැබැයි  කෝල්  ගන්නවත් එන්නවත් නැහැ.,EQUIPMENT_LANDLINE_FAULT,ROOT -> TECHNICAL_ISSUE -> EQUIPMENT_LANDLINE_FAULT
15,සර් කියන්නේ  ෆෝන්  එකේ ප්‍රශ්නයක් ඇති කියලාද?,NONE,ROOT -> TECHNICAL_ISSUE -> EQUIPMENT_LANDLINE_FAULT
15,ඩයල් ටෝන්  එන්නෙ නැද්ද?,NONE,ROOT -> TECHNICAL_ISSUE -> EQUIPMENT_LANDLINE_FAULT
15,නැහැ.,NONE,ROOT -> TECHNICAL_ISSUE -> EQUIPMENT_LANDLINE_FAULT
15,ඩයල් ටෝන්  එන්නෙත් නැහැ.,EQUIPMENT_LANDLINE_FAULT,ROOT -> TECHNICAL_ISSUE -> EQUIPMENT_LANDLINE_FAULT
15,ඉන්ටනෙට්  එක වැඩ නේද?,NONE,ROOT -> TECHNICAL_ISSUE -> EQUIPMENT_LANDLINE_FAULT
15,ඉන්ටනෙට්  එක වැඩ.,NONE,ROOT -> TECHNICAL_ISSUE -> EQUIPMENT_LANDLINE_FAULT
15,හරි.,NONE,ROOT -> TECHNICAL_ISSUE -> EQUIPMENT_LANDLINE_FAULT
15,මොකුත්  වයර් ඩැමේජ්  එකක් පේන්නේ නැහැනේ.,NONE,ROOT -> TECHNICAL_ISSUE -> EQUIPMENT_LANDLINE_FAULT
15,ලූස්  එකක් හරි එහෙම මොකුත් පේන්නෙ නැහැ නේද?,NONE,ROOT -> TECHNICAL_ISSUE -> EQUIPMENT_LANDLINE_FAULT
15,අ  ඩැමේජ්  එකක් පේන්න,NONE,ROOT -> TECHNICAL_ISSUE -> EQUIPMENT_LANDLINE_FAULT
15,ආ නෑ නෑ එහෙම එකක් වින්ද නැහැ.,NONE,ROOT -> TECHNICAL_ISSUE -> EQUIPMENT_LANDLINE_FAULT
15,හරි.,NONE,ROOT -> TECHNICAL_ISSUE -> EQUIPMENT_LANDLINE_FAULT
15,මම  කම්ප්ලේන්  එකක් දාන්නම්කො  චෙක්  කරලා බලන්න කියලා.,TECHNICAL_ESCALATION,ROOT -> TECHNICAL_ISSUE -> ROUTER_RESTART_ATTEMPT -> ISSUE_NOT_RESOLVED -> TECHNICAL_ESCALATION
15,බලලා කියයි.,NONE,ROOT -> TECHNICAL_ISSUE -> ROUTER_RESTART_ATTEMPT -> ISSUE_NOT_RESOLVED -> TECHNICAL_ESCALATION
15,මට එතකොට කියන්න පුළුවන්ද මේ අයිතිකරුගේ නම් මොකක්ද තියෙනවා කිව්වේ සර්?,NONE,ROOT -> TECHNICAL_ISSUE -> ROUTER_RESTART_ATTEMPT -> ISSUE_NOT_RESOLVED -> TECHNICAL_ESCALATION
15,අ  ඔෆිසර්  ඉන්චාර්ජ්  ආර් එම් එස් ඩී  කියලා ඇත්තේ.,NONE,ROOT -> TECHNICAL_ISSUE -> ROUTER_RESTART_ATTEMPT -> ISSUE_NOT_RESOLVED -> TECHNICAL_ESCALATION
15,රිජනල් ඇමරිකා සප්ලයි ඩිවිෂන්.,NONE,ROOT -> TECHNICAL_ISSUE -> ROUTER_RESTART_ATTEMPT -> ISSUE_NOT_RESOLVED -> TECHNICAL_ESCALATION
15,හරි.,NONE,ROOT -> TECHNICAL_ISSUE -> ROUTER_RESTART_ATTEMPT -> ISSUE_NOT_RESOLVED -> TECHNICAL_ESCALATION
15,මට  මොබයිල් නම්බර්  එකක් කියන්න.,NONE,ROOT -> TECHNICAL_ISSUE -> ROUTER_RESTART_ATTEMPT -> ISSUE_NOT_RESOLVED -> TECHNICAL_ESCALATION
15,බිංදුවයි හතයි හතයි 22යි 56යි 27.,NONE,ROOT -> TECHNICAL_ISSUE -> ROUTER_RESTART_ATTEMPT -> ISSUE_NOT_RESOLVED -> TECHNICAL_ESCALATION
15,හරි.,NONE,ROOT -> TECHNICAL_ISSUE -> ROUTER_RESTART_ATTEMPT -> ISSUE_NOT_RESOLVED -> TECHNICAL_ESCALATION
15,මම දැන් දැනුම් දීමක් කරලා තියන්නේ.,NONE,ROOT -> TECHNICAL_ISSUE -> ROUTER_RESTART_ATTEMPT -> ISSUE_NOT_RESOLVED -> TECHNICAL_ESCALATION
15,චෙක්  කරලා බලන්න කියන්නම්.,NONE,ROOT -> TECHNICAL_ISSUE -> ROUTER_RESTART_ATTEMPT -> ISSUE_NOT_RESOLVED -> TECHNICAL_ESCALATION
15,හරි හරි.,NONE,ROOT -> TECHNICAL_ISSUE -> ROUTER_RESTART_ATTEMPT -> ISSUE_NOT_RESOLVED -> TECHNICAL_ESCALATION
15,හරි.,NONE,ROOT -> TECHNICAL_ISSUE -> ROUTER_RESTART_ATTEMPT -> ISSUE_NOT_RESOLVED -> TECHNICAL_ESCALATION
15,වෙනත් යමක් දැන ගැනීමට අවශ්‍යද?,NONE,ROOT -> TECHNICAL_ISSUE -> ROUTER_RESTART_ATTEMPT -> ISSUE_NOT_RESOLVED -> TECHNICAL_ESCALATION
15,නැහැ අවශ්‍ය නැහැ.,NONE,ROOT -> TECHNICAL_ISSUE -> ROUTER_RESTART_ATTEMPT -> ISSUE_NOT_RESOLVED -> TECHNICAL_ESCALATION
15,හරි.,NONE,ROOT -> TECHNICAL_ISSUE -> ROUTER_RESTART_ATTEMPT -> ISSUE_NOT_RESOLVED -> TECHNICAL_ESCALATION
15,හරි.,NONE,ROOT -> TECHNICAL_ISSUE -> ROUTER_RESTART_ATTEMPT -> ISSUE_NOT_RESOLVED -> TECHNICAL_ESCALATION
15,මා ලබාදුන් සේවය ගැන සතුටුද?,NONE,ROOT -> TECHNICAL_ISSUE -> ROUTER_RESTART_ATTEMPT -> ISSUE_NOT_RESOLVED -> TECHNICAL_ESCALATION
15,මම  මොබිටෙල්  අම්බලන්.,NONE,ROOT -> TECHNICAL_ISSUE -> ROUTER_RESTART_ATTEMPT -> ISSUE_NOT_RESOLVED -> TECHNICAL_ESCALATION
16,ආයුබෝවන්.,NONE,ROOT
16,මම කලින් කතා කරේ මම කලින් කතා කරේ.,NONE,ROOT
16,හලෝ ගුඩ් මෝනින්.,NONE,ROOT
16,ආ මම ගාල්ලෙන් නම් කතා කරන්නේ.,NONE,ROOT
16,හරි.,NONE,ROOT
16,මේකේ දැන් අර ඔයාලගේ අර ඉන්ටර්නෙට් ලයින් එකේ අර ෆයිබර් කනෙක්ෂන් එකක් තියෙනවානේ.,NONE,ROOT
16,ඔව්.,NONE,ROOT
16,ඒවා ඉන්ටර්නෙට් ෆයිබර් කනෙක්ෂන් එක ගන්නවා නම් අනිවාර්යයෙන් එස්එල්ටී දුරකථනයක් තියෙන්න ඕනද ගෙදර.,NONE,ROOT
16,වොයිස් ලයින් එකක්.,NONE,ROOT
16,ලෑන්ඩ් ලයින් එකක් තියෙන්න ඕනේ නැහැ ගෙදර.,NONE,ROOT
16,ආ දැන් නම් සර් වොයිස් ලයින් එකට වෙනම චාර්ජ් වෙන්නේ නැහැ.,NONE,ROOT
16,ඉන්ටර්නෙට් ඉන්ටර්නෙට් එකටයි මේ වොයිස් එකයි දෙකම තමයි එකට තියෙන්නේ.,NONE,ROOT
16,වෙනම ලයින් එකක් දෙන්නේ නැහැ දැන් සර්.,NONE,ROOT
16,ආ ඒ කියන්නේ අලුතින් ගන්න පුළුවන් ද එහෙම?,NEW_CONNECTION_INQUIRY,ROOT -> NEW_CONNECTION_INQUIRY
16,ඔව් ඉන්ටර්නෙට් ප්ලස් මේ දැන් ෆයිබර් ස්ටාට් එකනේ තියෙන්නේ.,NONE,ROOT -> NEW_CONNECTION_INQUIRY
16,ඉන්ටර්නෙට් ෆෝන් එකයි දෙකම තමයි රෙන්ටල් එක 2690 වෙන්නේ.,PACKAGE_AND_PRICING_INQUIRY,ROOT -> NEW_CONNECTION_INQUIRY -> PACKAGE_AND_PRICING_INQUIRY
16,මාසෙකට 2690යි නේ.,NONE,ROOT -> NEW_CONNECTION_INQUIRY -> PACKAGE_AND_PRICING_INQUIRY
16,ඔව්.,NONE,ROOT -> NEW_CONNECTION_INQUIRY -> PACKAGE_AND_PRICING_INQUIRY
16,ආ දැන් ඒ කියන්නේ දැන් මම ඉන්නේ ගාල්ල කරාපිටිය හරියෙ තමයි ඉන්නේ මම අපේ ගෙවල් තියෙන්නේ.,NONE,ROOT -> NEW_CONNECTION_INQUIRY -> PACKAGE_AND_PRICING_INQUIRY
16,දැන් එහෙට අලුතින් ලයින් එකක් ගන්න පුළුවන් නේ එහෙනම් නේ.,NEW_CONNECTION_INQUIRY,ROOT -> NEW_CONNECTION_INQUIRY
16,ඔබ ඉන්න ප්‍රදේශයේ දැනට ෆයිබර් තියෙනවා නේ.,NONE,ROOT -> NEW_CONNECTION_INQUIRY
16,ගන්න පුළුවන් සර්.,NONE,ROOT -> NEW_CONNECTION_INQUIRY
16,මම මේ පැත්තේ කොහොමත් ඇති.,NONE,ROOT -> NEW_CONNECTION_INQUIRY
16,මම කියන්නේ ඒ කියන්නේ මේන් රෝඩ් එකට තමයි කිට්ටුව තමයි තියෙන්නේ ගෙවල්.,NONE,ROOT -> NEW_CONNECTION_INQUIRY
16,එහෙම නම් තියෙනවා සර්.,NONE,ROOT -> NEW_CONNECTION_INQUIRY
16,තියෙනවා නේ.,NONE,ROOT -> NEW_CONNECTION_INQUIRY
16,ගන්න පුළුවන් නේ.,NONE,ROOT -> NEW_CONNECTION_INQUIRY
16,ඔව් පුළුවන් සර්.,NONE,ROOT -> NEW_CONNECTION_INQUIRY
16,ආ හා හා හා හා.,NONE,ROOT -> NEW_CONNECTION_INQUIRY
16,එතකොට ඒ කියන්නේ මාසෙකට ජීබී කීයක් හම්බවෙනවද ඒ කනෙක්ෂන් එකෙන්?,NONE,ROOT -> NEW_CONNECTION_INQUIRY
16,ජීබී 80ක් හම්බවෙනවා සර්.,NONE,ROOT -> NEW_CONNECTION_INQUIRY
16,ආ ජීබී 80යි නේ.,NONE,ROOT -> NEW_CONNECTION_INQUIRY
16,එයා ඒ කනෙක්ෂන් එක හොඳයි නේ.,NONE,ROOT -> NEW_CONNECTION_INQUIRY
16,ඒ කියන්නේ ඩයලොග් එකට වඩා හොඳයි නේ.,NONE,ROOT -> NEW_CONNECTION_INQUIRY
16,ඩයලොග් එකට වඩා හොඳයි කොහොමත් සර්.,NONE,ROOT -> NEW_CONNECTION_INQUIRY
16,සිග්නල් තියෙනවා.,NONE,ROOT -> NEW_CONNECTION_INQUIRY
16,හයි ස්පීඩ් තියෙනවා.,NONE,ROOT -> NEW_CONNECTION_INQUIRY
16,එතකොට සම්බන්ධතා ගාස්තුව 12500ක් වෙනවා.,PACKAGE_AND_PRICING_INQUIRY,ROOT -> NEW_CONNECTION_INQUIRY -> PACKAGE_AND_PRICING_INQUIRY
16,කනෙක්ෂන් චාර්ජස් එක් සම්බන්.,NONE,ROOT -> NEW_CONNECTION_INQUIRY -> PACKAGE_AND_PRICING_INQUIRY
16,ආ ඒ කියන්නේ ඒක ෆස්ට් පේමන්ට් එක.,NONE,ROOT -> NEW_CONNECTION_INQUIRY -> PACKAGE_AND_PRICING_INQUIRY
16,ඔව්.,NONE,ROOT -> NEW_CONNECTION_INQUIRY -> PACKAGE_AND_PRICING_INQUIRY
16,ආ ඊට පස්සේ මාසෙන් මාසෙට මාසෙන් මාසෙට 2000 ගාණක්.,NONE,ROOT -> NEW_CONNECTION_INQUIRY -> PACKAGE_AND_PRICING_INQUIRY
16,අර ෆයිබර් ස්ටාට් එක ගත්තොත් තමයි සර් 2690 ප්ලස් ටැක්ස් එක තමයි.,NONE,ROOT -> NEW_CONNECTION_INQUIRY -> PACKAGE_AND_PRICING_INQUIRY
16,එකට අර වෙන්නේ.,NONE,ROOT -> NEW_CONNECTION_INQUIRY -> PACKAGE_AND_PRICING_INQUIRY
16,ඔව්.,NONE,ROOT -> NEW_CONNECTION_INQUIRY -> PACKAGE_AND_PRICING_INQUIRY
16,එතකොට ජීබී 80ක් යූස් කරන්න පුළුවන්.,NONE,ROOT -> NEW_CONNECTION_INQUIRY -> PACKAGE_AND_PRICING_INQUIRY
16,ආ හා හා හා හා.,NONE,ROOT -> NEW_CONNECTION_INQUIRY -> PACKAGE_AND_PRICING_INQUIRY
16,සම්බන්ධතා ගාස්තු ඉතින් ඒ කියන්නේ අර ෆස්ට් ටයිම් ගෙවන එකද 12000 ගාන.,PACKAGE_AND_PRICING_INQUIRY,ROOT -> NEW_CONNECTION_INQUIRY -> PACKAGE_AND_PRICING_INQUIRY
16,ඊට පස්සේ මාසෙන් මාසෙට අර 2000 ගාන.,NONE,ROOT -> NEW_CONNECTION_INQUIRY -> PACKAGE_AND_PRICING_INQUIRY
16,නැත්නම් අපි අර කැමති පැකේජ් එක අනුව තමයි ඒක තීරණය වෙන්නේ නේ.,NONE,ROOT -> NEW_CONNECTION_INQUIRY -> PACKAGE_AND_PRICING_INQUIRY
16,ඔව් ඔව්.,NONE,ROOT -> NEW_CONNECTION_INQUIRY -> PACKAGE_AND_PRICING_INQUIRY
16,ප්ලස් ටැක්ස් එක එකතු වෙලා තමයි නියතව අස්වක්.,NONE,ROOT -> NEW_CONNECTION_INQUIRY -> PACKAGE_AND_PRICING_INQUIRY
16,අහ.,NONE,ROOT -> NEW_CONNECTION_INQUIRY -> PACKAGE_AND_PRICING_INQUIRY
16,ආ හා හා හා.,NONE,ROOT -> NEW_CONNECTION_INQUIRY -> PACKAGE_AND_PRICING_INQUIRY
16,මම එතකොට දැන් අර ඒක ගන්නවා නම් ඒ ඒ කියන්නේ ටෙලිකොම් එකට ගිහිල්ලා ඔක්කොම ඇප්ලයි කරන්න ඕනද?,NONE,ROOT -> NEW_CONNECTION_INQUIRY -> PACKAGE_AND_PRICING_INQUIRY
16,නැහැ යන්න අවශ්‍ය නැහැ සර්.,NONE,ROOT -> NEW_CONNECTION_INQUIRY -> PACKAGE_AND_PRICING_INQUIRY
16,අපිට රික්වෙස්ට් එක යොමු කරන්න පුළුවන් අදාළ රීජන් එකට.,ONLINE_ORDERING,ROOT -> NEW_CONNECTION_INQUIRY -> ONLINE_ORDERING
16,රික්වෙස්ට් එක නේ.,NONE,ROOT -> NEW_CONNECTION_INQUIRY -> ONLINE_ORDERING
16,හරි හරි හරි.,NONE,ROOT -> NEW_CONNECTION_INQUIRY -> ONLINE_ORDERING
16,මම එතකොට මේ නම්බරේට ආයි කෝල් එකක් දැම්මා නම් හරි නේ.,NONE,ROOT -> NEW_CONNECTION_INQUIRY -> ONLINE_ORDERING
16,බලලා.,NONE,ROOT -> NEW_CONNECTION_INQUIRY -> ONLINE_ORDERING
16,ඔව් එහෙම නැත්නම් ඔන්ලයින් ඕඩර් එකක් දාන්නත් පුළුවන් සර්ට.,ONLINE_ORDERING,ROOT -> NEW_CONNECTION_INQUIRY -> ONLINE_ORDERING
16,ඔන්ලයින් ඕඩර් එකක් දාන්න පුළුවන්.,ONLINE_ORDERING,ROOT -> NEW_CONNECTION_INQUIRY -> ONLINE_ORDERING
16,දස දාහා ප්ලස් ටැක්ස් එක එකතු වෙන්නේ.,NONE,ROOT -> NEW_CONNECTION_INQUIRY -> ONLINE_ORDERING
16,එතකොට අපේ සයිට් එකට ගිහිල්ලා රෙජිස්ටර් වෙලා ඔන්ලයින් පේමන්ට් එක කරන්න පුළුවන් සර්ට.,ONLINE_ORDERING,ROOT -> NEW_CONNECTION_INQUIRY -> ONLINE_ORDERING
16,පුළුවන් නේ.,NONE,ROOT -> NEW_CONNECTION_INQUIRY -> ONLINE_ORDERING
16,හරි හරි හරි.,NONE,ROOT -> NEW_CONNECTION_INQUIRY -> ONLINE_ORDERING
16,ඒක පේමන්ට් කරලා දවස් කීයකින් වගේද ඔයාලා එහෙනම් කනෙක්ෂන් එක දෙන්නේ.,INSTALLATION_LEAD_TIME,ROOT -> NEW_CONNECTION_INQUIRY -> ONLINE_ORDERING -> INSTALLATION_LEAD_TIME
16,සර් නේව් කනෙක්ෂන් එක නම් සාමාන්‍යයෙන් සති දෙකක් තමයි.,INSTALLATION_LEAD_TIME,ROOT -> NEW_CONNECTION_INQUIRY -> ONLINE_ORDERING -> INSTALLATION_LEAD_TIME
16,ලූප් එහෙම තියෙනවා නම් හැකි ඉක්මනින් සේවාව සපයනවා.,NONE,ROOT -> NEW_CONNECTION_INQUIRY -> ONLINE_ORDERING -> INSTALLATION_LEAD_TIME
16,සපයනවා නේ.,NONE,ROOT -> NEW_CONNECTION_INQUIRY -> ONLINE_ORDERING -> INSTALLATION_LEAD_TIME
16,හරි හරි හරි.,NONE,ROOT -> NEW_CONNECTION_INQUIRY -> ONLINE_ORDERING -> INSTALLATION_LEAD_TIME
16,මේ මම එහෙම අර වර්ක් ෆ්‍රොම් හෝම් අර ස්ටාට් කරන්නයි ඉන්නේ.,NONE,ROOT -> NEW_CONNECTION_INQUIRY -> ONLINE_ORDERING -> INSTALLATION_LEAD_TIME
16,ඔව්.,NONE,ROOT -> NEW_CONNECTION_INQUIRY -> ONLINE_ORDERING -> INSTALLATION_LEAD_TIME
16,ඒකට ඒ කියන්නේ ඉන්ටර්නෙට් එක ඇති වෙයි නේ.,NONE,ROOT -> NEW_CONNECTION_INQUIRY -> ONLINE_ORDERING -> INSTALLATION_LEAD_TIME
16,ඒ කියන්නේ ස්පීඩ් එකත් එහෙම අනුවත්.,SPEED_INQUIRY,ROOT -> NEW_CONNECTION_INQUIRY -> PACKAGE_AND_PRICING_INQUIRY -> SPEED_INQUIRY
16,ඔව් ඔය මදි නම් සර්ට පැකේජ් එක අප්ග්‍රේඩ් කරගන්න පුළුවන් අපේ හොට්ලයින් එක.,NONE,ROOT -> NEW_CONNECTION_INQUIRY -> PACKAGE_AND_PRICING_INQUIRY -> SPEED_INQUIRY
16,ඔව්.,NONE,ROOT -> NEW_CONNECTION_INQUIRY -> PACKAGE_AND_PRICING_INQUIRY -> SPEED_INQUIRY
16,"නැහැ ඒ කියන්නේ ප්‍රමාණය, ප්‍රමාණය නෙවෙයි අර ස්පීඩ් එක මොකද ඒ කියන්නේ ඩයලොග් වලට වඩා හොඳයි නම් ඇති මට.",SPEED_INQUIRY,ROOT -> NEW_CONNECTION_INQUIRY -> PACKAGE_AND_PRICING_INQUIRY -> SPEED_INQUIRY
16,ඔව් ස්පීඩ් තියෙනවා සර්.,NONE,ROOT -> NEW_CONNECTION_INQUIRY -> PACKAGE_AND_PRICING_INQUIRY -> SPEED_INQUIRY
16,100.,NONE,ROOT -> NEW_CONNECTION_INQUIRY -> PACKAGE_AND_PRICING_INQUIRY -> SPEED_INQUIRY
16,තියෙනවා නේ.,NONE,ROOT -> NEW_CONNECTION_INQUIRY -> PACKAGE_AND_PRICING_INQUIRY -> SPEED_INQUIRY
16,ඔව් සර්.,NONE,ROOT -> NEW_CONNECTION_INQUIRY -> PACKAGE_AND_PRICING_INQUIRY -> SPEED_INQUIRY
16,ඔව්.,NONE,ROOT -> NEW_CONNECTION_INQUIRY -> PACKAGE_AND_PRICING_INQUIRY -> SPEED_INQUIRY
16,ආ හා හා හා.,NONE,ROOT -> NEW_CONNECTION_INQUIRY -> PACKAGE_AND_PRICING_INQUIRY -> SPEED_INQUIRY
16,හරි හරි හරි.,NONE,ROOT -> NEW_CONNECTION_INQUIRY -> PACKAGE_AND_PRICING_INQUIRY -> SPEED_INQUIRY
16,හරි තැන්ක් යූ තැන්ක් යූ.,NONE,ROOT -> NEW_CONNECTION_INQUIRY -> PACKAGE_AND_PRICING_INQUIRY -> SPEED_INQUIRY
16,එහෙනම් මේ මට නම්.,NONE,ROOT -> NEW_CONNECTION_INQUIRY -> PACKAGE_AND_PRICING_INQUIRY -> SPEED_INQUIRY
16,එස්එල්ටී ඔබේ දිනෙන තුවට ස්තූතියි.,NONE,ROOT -> NEW_CONNECTION_INQUIRY -> PACKAGE_AND_PRICING_INQUIRY -> SPEED_INQUIRY
16,සුභ දවසක්.,NONE,ROOT -> NEW_CONNECTION_INQUIRY -> PACKAGE_AND_PRICING_INQUIRY -> SPEED_INQUIRY
17,Hi bona.,NONE,ROOT
17,My name is Oshan from SLT.,NONE,ROOT
17,Yeah.,NONE,ROOT
17,"I, I, uh, called a few minutes ago requesting my Wi-Fi package issue.",NONE,ROOT
17,"Okay, yes, sir.",NONE,ROOT
17,"Um, yeah.",NONE,ROOT
17,"So basically, I wanted to upgrade my package, right?",NONE,ROOT
17,"And, um, you guys said that, uh, I have to call from the registered mobile number.",NONE,ROOT
17,Okay.,NONE,ROOT
17,"Yes, sir.",NONE,ROOT
17,"Can I have the name, sir?",NONE,ROOT
17,"The enter number is your phone number, sir?",NONE,ROOT
17,Yeah.,NONE,ROOT
17,Okay.,NONE,ROOT
17,Yeah.,NONE,ROOT
17,That cannot be since the Web Booster package is at info 4050.,NONE,ROOT
17,"The day time 85 GB is and the night time 120 GB, sir.",NONE,ROOT
17,"Uh, yeah, which package you want to change, sir?",NONE,ROOT
17,"The 5,900 one, unlimited home, I think.",NONE,ROOT
17,"It's that, that's what I said.",NONE,ROOT
17,Unlimited home package.,NONE,ROOT
17,Yeah.,NONE,ROOT
17,Okay.,NONE,ROOT
17,"Yes, sir.",NONE,ROOT
17,"You can change the package for that package, sir.",NONE,ROOT
17,"For 5,900, you can get 100 Mbps, uh, fiber speed.",PACKAGE_AND_PRICING_INQUIRY,ROOT -> NEW_CONNECTION_INQUIRY -> PACKAGE_AND_PRICING_INQUIRY
17,"And, uh, upload speed is 50 Mbps.",PACKAGE_AND_PRICING_INQUIRY,ROOT -> NEW_CONNECTION_INQUIRY -> PACKAGE_AND_PRICING_INQUIRY
17,Up to 50 Mbps.,PACKAGE_AND_PRICING_INQUIRY,ROOT -> NEW_CONNECTION_INQUIRY -> PACKAGE_AND_PRICING_INQUIRY
17,"Normally, sir, for that, uh, unlimited package is, uh, advance billing, uh, for that package, sir.",NONE,ROOT -> NEW_CONNECTION_INQUIRY -> PACKAGE_AND_PRICING_INQUIRY
17,"Advance billing means, uh, for the next month bill added to the, the coming month bill, sir.",NONE,ROOT -> NEW_CONNECTION_INQUIRY -> PACKAGE_AND_PRICING_INQUIRY
17,"For this month bill and the next month, next month bill added to, uh, the coming month bill, sir.",NONE,ROOT -> NEW_CONNECTION_INQUIRY -> PACKAGE_AND_PRICING_INQUIRY
17,Okay.,NONE,ROOT -> NEW_CONNECTION_INQUIRY -> PACKAGE_AND_PRICING_INQUIRY
17,"Is, uh, so so will I be charged for the Web Booster package now?",NONE,ROOT -> NEW_CONNECTION_INQUIRY -> PACKAGE_AND_PRICING_INQUIRY
17,"No, Web Booster doesn't know, sir.",NONE,ROOT -> NEW_CONNECTION_INQUIRY -> PACKAGE_AND_PRICING_INQUIRY
17,"Web Booster the, the up, change in the package, uh, today, no, sir.",NONE,ROOT -> NEW_CONNECTION_INQUIRY -> PACKAGE_AND_PRICING_INQUIRY
17,"Web Booster will be charged for only for the last month, not for the current month, sir.",NONE,ROOT -> NEW_CONNECTION_INQUIRY -> PACKAGE_AND_PRICING_INQUIRY
17,Okay.,NONE,ROOT -> NEW_CONNECTION_INQUIRY -> PACKAGE_AND_PRICING_INQUIRY
17,That's good.,NONE,ROOT -> NEW_CONNECTION_INQUIRY -> PACKAGE_AND_PRICING_INQUIRY
17,Yeah.,NONE,ROOT -> NEW_CONNECTION_INQUIRY -> PACKAGE_AND_PRICING_INQUIRY
17,"But, sir, you're unable to change in shift into the the Web Booster package again, sir.",NONE,ROOT -> NEW_CONNECTION_INQUIRY -> PACKAGE_AND_PRICING_INQUIRY
17,"Remember the day night packages are no more, sir.",NONE,ROOT -> NEW_CONNECTION_INQUIRY -> PACKAGE_AND_PRICING_INQUIRY
17,"Only the any time packages and the unlimited packages are available now, sir.",NONE,ROOT -> NEW_CONNECTION_INQUIRY -> PACKAGE_AND_PRICING_INQUIRY
17,"Day night has been stopped and replaced for the anytime packages, sir.",NONE,ROOT -> NEW_CONNECTION_INQUIRY -> PACKAGE_AND_PRICING_INQUIRY
17,Okay.,NONE,ROOT -> NEW_CONNECTION_INQUIRY -> PACKAGE_AND_PRICING_INQUIRY
17,Okay.,NONE,ROOT -> NEW_CONNECTION_INQUIRY -> PACKAGE_AND_PRICING_INQUIRY
17,Yeah.,NONE,ROOT -> NEW_CONNECTION_INQUIRY -> PACKAGE_AND_PRICING_INQUIRY
17,"Can I have the connection owner's NIC number, sir?",NONE,ROOT -> NEW_CONNECTION_INQUIRY -> PACKAGE_AND_PRICING_INQUIRY
17,"Uh, yeah.",NONE,ROOT -> NEW_CONNECTION_INQUIRY -> PACKAGE_AND_PRICING_INQUIRY
17,Hold on.,NONE,ROOT -> NEW_CONNECTION_INQUIRY -> PACKAGE_AND_PRICING_INQUIRY
17,Okay.,NONE,ROOT -> NEW_CONNECTION_INQUIRY -> PACKAGE_AND_PRICING_INQUIRY
17,"The, uh, what's your NIC number, sir?",NONE,ROOT -> NEW_CONNECTION_INQUIRY -> PACKAGE_AND_PRICING_INQUIRY
17,"Seven, nine, one.",NONE,ROOT -> NEW_CONNECTION_INQUIRY -> PACKAGE_AND_PRICING_INQUIRY
17,Ha?,NONE,ROOT -> NEW_CONNECTION_INQUIRY -> PACKAGE_AND_PRICING_INQUIRY
17,It's seven.,NONE,ROOT -> NEW_CONNECTION_INQUIRY -> PACKAGE_AND_PRICING_INQUIRY
17,It's five.,NONE,ROOT -> NEW_CONNECTION_INQUIRY -> PACKAGE_AND_PRICING_INQUIRY
17,860.,NONE,ROOT -> NEW_CONNECTION_INQUIRY -> PACKAGE_AND_PRICING_INQUIRY
17,Okay.,NONE,ROOT -> NEW_CONNECTION_INQUIRY -> PACKAGE_AND_PRICING_INQUIRY
17,76 not.,NONE,ROOT -> NEW_CONNECTION_INQUIRY -> PACKAGE_AND_PRICING_INQUIRY
17,Okay.,NONE,ROOT -> NEW_CONNECTION_INQUIRY -> PACKAGE_AND_PRICING_INQUIRY
17,165X.,NONE,ROOT -> NEW_CONNECTION_INQUIRY -> PACKAGE_AND_PRICING_INQUIRY
17,"Uh, yeah, can I have the name, sir?",NONE,ROOT -> NEW_CONNECTION_INQUIRY -> PACKAGE_AND_PRICING_INQUIRY
17,Owner's name?,NONE,ROOT -> NEW_CONNECTION_INQUIRY -> PACKAGE_AND_PRICING_INQUIRY
17,Yeah.,NONE,ROOT -> NEW_CONNECTION_INQUIRY -> PACKAGE_AND_PRICING_INQUIRY
17,Amir Hassan.,NONE,ROOT -> NEW_CONNECTION_INQUIRY -> PACKAGE_AND_PRICING_INQUIRY
17,Hassan.,NONE,ROOT -> NEW_CONNECTION_INQUIRY -> PACKAGE_AND_PRICING_INQUIRY
17,Okay.,NONE,ROOT -> NEW_CONNECTION_INQUIRY -> PACKAGE_AND_PRICING_INQUIRY
17,"Then I'll put the request from here, sir.",NONE,ROOT -> NEW_CONNECTION_INQUIRY -> PACKAGE_AND_PRICING_INQUIRY
17,"Within the day, the package will get changed, sir.",NONE,ROOT -> NEW_CONNECTION_INQUIRY -> PACKAGE_AND_PRICING_INQUIRY
17,Okay.,NONE,ROOT -> NEW_CONNECTION_INQUIRY -> PACKAGE_AND_PRICING_INQUIRY
17,"How, when will it get changed?",NONE,ROOT -> NEW_CONNECTION_INQUIRY -> PACKAGE_AND_PRICING_INQUIRY
17,Do you have like a time?,NONE,ROOT -> NEW_CONNECTION_INQUIRY -> PACKAGE_AND_PRICING_INQUIRY
17,"Uh, yeah.",NONE,ROOT -> NEW_CONNECTION_INQUIRY -> PACKAGE_AND_PRICING_INQUIRY
17,"Normally, around, uh, two hours.",NONE,ROOT -> NEW_CONNECTION_INQUIRY -> PACKAGE_AND_PRICING_INQUIRY
17,"Two, three hours?",NONE,ROOT -> NEW_CONNECTION_INQUIRY -> PACKAGE_AND_PRICING_INQUIRY
17,Okay.,NONE,ROOT -> NEW_CONNECTION_INQUIRY -> PACKAGE_AND_PRICING_INQUIRY
17,Okay.,NONE,ROOT -> NEW_CONNECTION_INQUIRY -> PACKAGE_AND_PRICING_INQUIRY
17,Yeah.,NONE,ROOT -> NEW_CONNECTION_INQUIRY -> PACKAGE_AND_PRICING_INQUIRY
17,"Around two, three hours, the package will get changed, sir.",NONE,ROOT -> NEW_CONNECTION_INQUIRY -> PACKAGE_AND_PRICING_INQUIRY
17,Okay.,NONE,ROOT -> NEW_CONNECTION_INQUIRY -> PACKAGE_AND_PRICING_INQUIRY
17,Thank you.,NONE,ROOT -> NEW_CONNECTION_INQUIRY -> PACKAGE_AND_PRICING_INQUIRY
17,Okay.,NONE,ROOT -> NEW_CONNECTION_INQUIRY -> PACKAGE_AND_PRICING_INQUIRY
17,Okay.,NONE,ROOT -> NEW_CONNECTION_INQUIRY -> PACKAGE_AND_PRICING_INQUIRY
17,"Thank you, sir.",NONE,ROOT -> NEW_CONNECTION_INQUIRY -> PACKAGE_AND_PRICING_INQUIRY
17,Thanks for calling SLT.,NONE,ROOT -> NEW_CONNECTION_INQUIRY -> PACKAGE_AND_PRICING_INQUIRY
17,Please disconnect.,NONE,ROOT -> NEW_CONNECTION_INQUIRY -> PACKAGE_AND_PRICING_INQUIRY
18,ආයුබෝවන් මම රශ්මි මට පුළුවන් එබට සහායවන්න.,NONE,ROOT
18,හලෝ,NONE,ROOT
18,හලෝ,NONE,ROOT
18,ඔව් සර්,NONE,ROOT
18,අ මගේ තියෙන්නේ ෆ්ලෑෂ් ට්වෙන්ටි ෆයිව් කියන පකේජ් එක ෆයිබර්.,NONE,ROOT
18,හරි.,NONE,ROOT
18,ඔව්.,NONE,ROOT
18,එතකොට මට දැනගන්න ඕන දැන් අලුතෙන් එයාලා දාලා තියෙනවනේ මේ පකේජ් එකක් අන්ලිමිටඩ් හෝම් ප්ලස් කියලා එකක්.,PACKAGE_AND_PRICING_INQUIRY,ROOT -> NEW_CONNECTION_INQUIRY -> PACKAGE_AND_PRICING_INQUIRY
18,ඔව් සර්.,NONE,ROOT -> NEW_CONNECTION_INQUIRY -> PACKAGE_AND_PRICING_INQUIRY
18,මට ඒකෙ ගැන පොඩ්ඩක් විස්තර කියන්න පුළුවන්ද?,NONE,ROOT -> NEW_CONNECTION_INQUIRY -> PACKAGE_AND_PRICING_INQUIRY
18,පුළුවන් සර්.,NONE,ROOT -> NEW_CONNECTION_INQUIRY -> PACKAGE_AND_PRICING_INQUIRY
18,අන්ලිමිටඩ් හෝම් ප්ලස් පැකේජ් එකේ රැඳී ඉන්න.,PACKAGE_AND_PRICING_INQUIRY,ROOT -> NEW_CONNECTION_INQUIRY -> PACKAGE_AND_PRICING_INQUIRY
18,රැඳි සිටින්න සර්.,NONE,ROOT -> NEW_CONNECTION_INQUIRY -> PACKAGE_AND_PRICING_INQUIRY
18,හරි.,NONE,ROOT -> NEW_CONNECTION_INQUIRY -> PACKAGE_AND_PRICING_INQUIRY
18,ඇමතුමේ රැඳී සිටියාට ස්තූතියි.,NONE,ROOT -> NEW_CONNECTION_INQUIRY -> PACKAGE_AND_PRICING_INQUIRY
18,අන්ලිමිටඩ් හෝම් ප්ලස් පැකේජ් එකේ රෙන්ටල් එක රුපියල් 9900 යි සර්.,PACKAGE_AND_PRICING_INQUIRY,ROOT -> NEW_CONNECTION_INQUIRY -> PACKAGE_AND_PRICING_INQUIRY
18,"ඒකේ speed එක 200 Mbps තියෙනවා ඩවුන්ලෝඩ් speed එක, 100 Mbps තියෙනවා අප්ලෝඩ් speed එක.",PACKAGE_AND_PRICING_INQUIRY,ROOT -> NEW_CONNECTION_INQUIRY -> PACKAGE_AND_PRICING_INQUIRY
18,"රෙස්ට්‍රික්ශන් එකක් නෑ, අන්ලිමිටඩ් යූස් කරන්න පුළුවන්.",PACKAGE_AND_PRICING_INQUIRY,ROOT -> NEW_CONNECTION_INQUIRY -> PACKAGE_AND_PRICING_INQUIRY
18,හරි.,NONE,ROOT -> NEW_CONNECTION_INQUIRY -> PACKAGE_AND_PRICING_INQUIRY
18,voice calls හරි අන්ලිමිටඩ් ගන්න පුළුවන් සර්.,PACKAGE_AND_PRICING_INQUIRY,ROOT -> NEW_CONNECTION_INQUIRY -> PACKAGE_AND_PRICING_INQUIRY
18,එතකොට මේ අන්ලිමිටඩ් හෝම් කියන එකයි මේ ප්ලස් එකයි වෙනස තියෙන්නේ.,PACKAGE_AND_PRICING_INQUIRY,ROOT -> NEW_CONNECTION_INQUIRY -> PACKAGE_AND_PRICING_INQUIRY
18,ස්පීඩ් එක තමයි වෙනස සර්.,SPEED_INQUIRY,ROOT -> NEW_CONNECTION_INQUIRY -> PACKAGE_AND_PRICING_INQUIRY -> SPEED_INQUIRY
18,ස්පීඩ් එක සර්.,SPEED_INQUIRY,ROOT -> NEW_CONNECTION_INQUIRY -> PACKAGE_AND_PRICING_INQUIRY -> SPEED_INQUIRY
18,ඔව්.,NONE,ROOT -> NEW_CONNECTION_INQUIRY -> PACKAGE_AND_PRICING_INQUIRY -> SPEED_INQUIRY
18,ආ හා හා.,NONE,ROOT -> NEW_CONNECTION_INQUIRY -> PACKAGE_AND_PRICING_INQUIRY -> SPEED_INQUIRY
18,අ මගේ දැන් ෆ්ලෑෂ් ට්වෙන්ටි ෆයිව් කියලා අලුත් පැකේජ් එකක් නැද්ද දැන්?,PACKAGE_AND_PRICING_INQUIRY,ROOT -> NEW_CONNECTION_INQUIRY -> PACKAGE_AND_PRICING_INQUIRY
18,ෆ්ලෑෂ් ට්වෙන්ටි ෆයිව් එකත් තියෙනවා සර්.,NONE,ROOT -> NEW_CONNECTION_INQUIRY -> PACKAGE_AND_PRICING_INQUIRY
18,ඒ කියන්නේ දැන් මම අන්ලිමිටඩ් හෝම් ප්ලස් එකට මාරු වුනොත් මට ආයෙත් ඕන නම් ෆ්ලෑෂ් ට්වෙන්ටි ෆයිව් එකට මාරු වෙන්න පුළුවන් නේ?,PACKAGE_AND_PRICING_INQUIRY,ROOT -> NEW_CONNECTION_INQUIRY -> PACKAGE_AND_PRICING_INQUIRY
18,පුළුවන් සර්.,NONE,ROOT -> NEW_CONNECTION_INQUIRY -> PACKAGE_AND_PRICING_INQUIRY
18,හරි.,NONE,ROOT -> NEW_CONNECTION_INQUIRY -> PACKAGE_AND_PRICING_INQUIRY
18,මම කොහොමද අන්ලිමිටඩ් හෝම් ප්ලස් එකට මාරු වෙන්නේ?,PACKAGE_AND_PRICING_INQUIRY,ROOT -> NEW_CONNECTION_INQUIRY -> PACKAGE_AND_PRICING_INQUIRY
18,මෙතනින් සර්ට මාරු කරලා දෙන්න පුළුවන්.,CHANGE_PACKAGE,ROOT -> NEW_CONNECTION_INQUIRY -> PACKAGE_AND_PRICING_INQUIRY -> CHANGE_PACKAGE
18,"කනෙක්ෂන් එකේ ID එක, සර්ගේ ID නම්බර් එක කියන්න පුළුවන්ද සර්ට?",NONE,ROOT -> NEW_CONNECTION_INQUIRY -> PACKAGE_AND_PRICING_INQUIRY -> CHANGE_PACKAGE
18,පුළුවන්.,NONE,ROOT -> NEW_CONNECTION_INQUIRY -> PACKAGE_AND_PRICING_INQUIRY -> CHANGE_PACKAGE
18,හරි කියන්න සර්.,NONE,ROOT -> NEW_CONNECTION_INQUIRY -> PACKAGE_AND_PRICING_INQUIRY -> CHANGE_PACKAGE
18,කියන්න.,NONE,ROOT -> NEW_CONNECTION_INQUIRY -> PACKAGE_AND_PRICING_INQUIRY -> CHANGE_PACKAGE
18,හරි.,NONE,ROOT -> NEW_CONNECTION_INQUIRY -> PACKAGE_AND_PRICING_INQUIRY -> CHANGE_PACKAGE
18,හරි සර්.,NONE,ROOT -> NEW_CONNECTION_INQUIRY -> PACKAGE_AND_PRICING_INQUIRY -> CHANGE_PACKAGE
18,කාරුණිකව ඇමතුමේ රැඳී ඉන්න.,NONE,ROOT -> NEW_CONNECTION_INQUIRY -> PACKAGE_AND_PRICING_INQUIRY -> CHANGE_PACKAGE
18,ඇමතුමේ රැඳී සිටියාට ස්තූතියි.,NONE,ROOT -> NEW_CONNECTION_INQUIRY -> PACKAGE_AND_PRICING_INQUIRY -> CHANGE_PACKAGE
18,සාද දවස ඇතුළතදී පැකේජ් එක අප්ඩේට් වෙනවා සර්ට.,CHANGE_PACKAGE,ROOT -> NEW_CONNECTION_INQUIRY -> PACKAGE_AND_PRICING_INQUIRY -> CHANGE_PACKAGE
18,එතකල් සර්ගේ දැනට මේ තියෙන පැකේජ් එක යූස් කරන්න පුළුවන්.,NONE,ROOT -> NEW_CONNECTION_INQUIRY -> PACKAGE_AND_PRICING_INQUIRY -> CHANGE_PACKAGE
18,කොහොමත් මේ පැකේජ් එකට දින දෙකකට අදාලව රෙන්ටල් එක ඇඩ් වෙනවා මේ මාසේ බිල් එකට.,PACKAGE_AND_PRICING_INQUIRY,ROOT -> NEW_CONNECTION_INQUIRY -> PACKAGE_AND_PRICING_INQUIRY
18,"හේතුව එනවා මේ මාසෙ, සොරි මේ අද දවසේදී මේ පැකේජ් එක යූස් කරන්න.",NONE,ROOT -> NEW_CONNECTION_INQUIRY -> PACKAGE_AND_PRICING_INQUIRY
18,අද දවස ඇතුළත අලුත් පැකේජ් එකට අප්ඩේට් වෙනවා සර්.,PACKAGE_AND_PRICING_INQUIRY,ROOT -> NEW_CONNECTION_INQUIRY -> PACKAGE_AND_PRICING_INQUIRY
18,හරි.,NONE,ROOT -> NEW_CONNECTION_INQUIRY -> PACKAGE_AND_PRICING_INQUIRY
18,ඒ කියන්නේ මට ආයේ පස්සේ ඕන වුණොත් මේ ඊට අඩු පැකේජ් එකකට වුණත් මාරු වෙන්න පුළුවන්ද?,DOWNGRADE_POLICY_ASKED,ROOT -> NEW_CONNECTION_INQUIRY -> PACKAGE_AND_PRICING_INQUIRY -> CHANGE_PACKAGE -> DOWNGRADE_POLICY_ASKED
18,"පුළුවන් සර්, ගැටලුවක් නෑ.",NONE,ROOT -> NEW_CONNECTION_INQUIRY -> PACKAGE_AND_PRICING_INQUIRY -> CHANGE_PACKAGE -> DOWNGRADE_POLICY_ASKED
18,හරි.,NONE,ROOT -> NEW_CONNECTION_INQUIRY -> PACKAGE_AND_PRICING_INQUIRY -> CHANGE_PACKAGE -> DOWNGRADE_POLICY_ASKED
18,ඒ කියන්නේ යම් කාලයක් තියෙනවද මේ පැකේජ් එකක් දාලා මෙච්චර කාලයක් ඉන්න ඕන අනිවාර්යයෙන් කියලා.,DOWNGRADE_POLICY_ASKED,ROOT -> NEW_CONNECTION_INQUIRY -> PACKAGE_AND_PRICING_INQUIRY -> CHANGE_PACKAGE -> DOWNGRADE_POLICY_ASKED
18,අ නෑ එහෙම එකක් නෑ.,NONE,ROOT -> NEW_CONNECTION_INQUIRY -> PACKAGE_AND_PRICING_INQUIRY -> CHANGE_PACKAGE -> DOWNGRADE_POLICY_ASKED
18,"හැබැයි මේ ඩවුන්ග්‍රේඩ් එකක් රික්වෙස්ට් කරනවා නම් සර්, ඩවුන්ග්‍රේඩ්, ඒ කියන්නේ දැන් මේ අන්ලිමිටඩ් මේ ෆයිබර් ප්ලෑන්ස් වලට යද්දි එහෙම කිසිම රික්වෙස්ට් එකක් නෑ.","DOWNGRADE_POLICY_ASKED,PACKAGE_AND_PRICING_INQUIRY",ROOT -> NEW_CONNECTION_INQUIRY -> PACKAGE_AND_PRICING_INQUIRY
18,ඒත් නෝමල් ඒ කියන්නේ ඩවුන්ග්‍රේඩ් එකක් යනවා නම් බිලින් සයිකල් එකේදී තමයි ඩවුන්ග්‍රේඩ් කරගන්න පුළුවන් වෙන්නේ.,DOWNGRADE_POLICY_ASKED,ROOT -> NEW_CONNECTION_INQUIRY -> PACKAGE_AND_PRICING_INQUIRY -> CHANGE_PACKAGE -> DOWNGRADE_POLICY_ASKED
18,ඒ කියන්නේ ඕන මාසෙක පළවෙනිදාට විතරයි සර්.,DOWNGRADE_POLICY_ASKED,ROOT -> NEW_CONNECTION_INQUIRY -> PACKAGE_AND_PRICING_INQUIRY -> CHANGE_PACKAGE -> DOWNGRADE_POLICY_ASKED
18,ආ රයිට් රයිට්.,NONE,ROOT -> NEW_CONNECTION_INQUIRY -> PACKAGE_AND_PRICING_INQUIRY -> CHANGE_PACKAGE -> DOWNGRADE_POLICY_ASKED
18,හරි හරි.,NONE,ROOT -> NEW_CONNECTION_INQUIRY -> PACKAGE_AND_PRICING_INQUIRY -> CHANGE_PACKAGE -> DOWNGRADE_POLICY_ASKED
18,හරි සර්.,NONE,ROOT -> NEW_CONNECTION_INQUIRY -> PACKAGE_AND_PRICING_INQUIRY -> CHANGE_PACKAGE -> DOWNGRADE_POLICY_ASKED
18,දුල ඔබිට ලම්සට ස්තූතියි.,NONE,ROOT -> NEW_CONNECTION_INQUIRY -> PACKAGE_AND_PRICING_INQUIRY -> CHANGE_PACKAGE -> DOWNGRADE_POLICY_ASKED
18,සුභ දවසක් සර්.,NONE,ROOT -> NEW_CONNECTION_INQUIRY -> PACKAGE_AND_PRICING_INQUIRY -> CHANGE_PACKAGE -> DOWNGRADE_POLICY_ASKED
19,ආයුබෝවන් මම රශ්මි මට පුළුවන්නේ ඔබට සහය වෙන්න,NONE,ROOT
19,"ඔව්, ගුඩ් මෝනින් මිස්",NONE,ROOT
19,ඔව් ආයුබෝවන් මැඩම්,NONE,ROOT
19,ඔව් මට මේ අපේ තියෙන පැකේජ් එක වෙනස් කරගන්න ඕනේ.,CHANGE_PACKAGE,ROOT -> NEW_CONNECTION_INQUIRY -> PACKAGE_AND_PRICING_INQUIRY -> CHANGE_PACKAGE
19,තියෙන්නේ ලිමිටඩ් එකක්.,PACKAGE_AND_PRICING_INQUIRY,ROOT -> NEW_CONNECTION_INQUIRY -> PACKAGE_AND_PRICING_INQUIRY
19,මේ දැන් තියෙනවා නේද අලුත් පැකේජ් එකක් 5900ට අන්ලිමිටඩ්.,PACKAGE_AND_PRICING_INQUIRY,ROOT -> NEW_CONNECTION_INQUIRY -> PACKAGE_AND_PRICING_INQUIRY
19,ඔව් මැඩම්,NONE,ROOT -> NEW_CONNECTION_INQUIRY -> PACKAGE_AND_PRICING_INQUIRY
19,මට ඒකට මාරු කරගන්න නම් මේ මගේ පැකේජ් එක මේ චේන්ජ් කරගන්න නම් මොනවද මම කරන්න ඕනේ?,CHANGE_PACKAGE,ROOT -> NEW_CONNECTION_INQUIRY -> PACKAGE_AND_PRICING_INQUIRY -> CHANGE_PACKAGE
19,එහෙම කරන්න මිස්ටර් කරලා දෙන්න පුළුවන් ද?,NONE,ROOT -> NEW_CONNECTION_INQUIRY -> PACKAGE_AND_PRICING_INQUIRY -> CHANGE_PACKAGE
19,පුළුවන් මැඩම්.,NONE,ROOT -> NEW_CONNECTION_INQUIRY -> PACKAGE_AND_PRICING_INQUIRY -> CHANGE_PACKAGE
19,නම්බර් එක මට ඉස්සෙල්ලා ටික නම්බර් එක කියන්න මැඩම්.,NONE,ROOT -> NEW_CONNECTION_INQUIRY -> PACKAGE_AND_PRICING_INQUIRY -> CHANGE_PACKAGE
19,ආ ඉන්නවා පුතාට දෙන්නම් ඉස්සර ටික් කතා කරගන්න.,NONE,ROOT -> NEW_CONNECTION_INQUIRY -> PACKAGE_AND_PRICING_INQUIRY -> CHANGE_PACKAGE
19,හෙලෝ,NONE,ROOT -> NEW_CONNECTION_INQUIRY -> PACKAGE_AND_PRICING_INQUIRY -> CHANGE_PACKAGE
19,ඔව්,NONE,ROOT -> NEW_CONNECTION_INQUIRY -> PACKAGE_AND_PRICING_INQUIRY -> CHANGE_PACKAGE
19,ඔව් මේ මිස් මට මේ,NONE,ROOT -> NEW_CONNECTION_INQUIRY -> PACKAGE_AND_PRICING_INQUIRY -> CHANGE_PACKAGE
19,නම මොකද්ද සර් හිමිකරුගේ?,NONE,ROOT -> NEW_CONNECTION_INQUIRY -> PACKAGE_AND_PRICING_INQUIRY -> CHANGE_PACKAGE
19,මේකේ නම්බරේ ටෙලිෆෝන් නම්බරේ ද එකවුන්ට් නම්බරේ ද?,NONE,ROOT -> NEW_CONNECTION_INQUIRY -> PACKAGE_AND_PRICING_INQUIRY -> CHANGE_PACKAGE
19,හෙලෝ,NONE,ROOT -> NEW_CONNECTION_INQUIRY -> PACKAGE_AND_PRICING_INQUIRY -> CHANGE_PACKAGE
19,නම තියෙන්නේ කොහොමද සර් හිමිකරුගේ?,NONE,ROOT -> NEW_CONNECTION_INQUIRY -> PACKAGE_AND_PRICING_INQUIRY -> CHANGE_PACKAGE
19,නමද?,NONE,ROOT -> NEW_CONNECTION_INQUIRY -> PACKAGE_AND_PRICING_INQUIRY -> CHANGE_PACKAGE
19,ඔව් හිමිකරුගේ නම ලයින් එකේ.,NONE,ROOT -> NEW_CONNECTION_INQUIRY -> PACKAGE_AND_PRICING_INQUIRY -> CHANGE_PACKAGE
19,සුජීවනී ප්‍රදීපා.,NONE,ROOT -> NEW_CONNECTION_INQUIRY -> PACKAGE_AND_PRICING_INQUIRY -> CHANGE_PACKAGE
19,එච් කේ එච් කේ එස් ප්‍රදීපා.,NONE,ROOT -> NEW_CONNECTION_INQUIRY -> PACKAGE_AND_PRICING_INQUIRY -> CHANGE_PACKAGE
19,සර් පැකේජ් එක සර් චේන්ජ් කරගන්න පුළුවන්.,CHANGE_PACKAGE,ROOT -> NEW_CONNECTION_INQUIRY -> PACKAGE_AND_PRICING_INQUIRY -> CHANGE_PACKAGE
19,හැබැයි ඒ සඳහා මේ සෙටි නම්බර් එකෙන්ම හෝ රෙජිස්ටර් මොබයිල් නම්බර් එකෙන් කතා කරන්න ඕනේ සර්.,REGISTERED_NUMBER_REQUIRED,ROOT -> NEW_CONNECTION_INQUIRY -> PACKAGE_AND_PRICING_INQUIRY -> CHANGE_PACKAGE -> REGISTERED_NUMBER_REQUIRED
19,එතකොට අපිට මෙතනින් සර්ට පැකේජ් එක චේන්ජ් කරලා දෙන්න පුළුවන්.,CHANGE_PACKAGE,ROOT -> NEW_CONNECTION_INQUIRY -> PACKAGE_AND_PRICING_INQUIRY -> CHANGE_PACKAGE
19,ආ ආ හරි හරි මිස් හරි.,NONE,ROOT -> NEW_CONNECTION_INQUIRY -> PACKAGE_AND_PRICING_INQUIRY -> CHANGE_PACKAGE
19,එසේ නම් අපි දැන් නම්බර් එකත් සමග අදට සුභ දවසක්.,NONE,ROOT -> NEW_CONNECTION_INQUIRY -> PACKAGE_AND_PRICING_INQUIRY -> CHANGE_PACKAGE
19,මෙවැනි ඇමතුම ගැනීම සඳහා රැඳී සිටින්න.,NONE,ROOT -> NEW_CONNECTION_INQUIRY -> PACKAGE_AND_PRICING_INQUIRY -> CHANGE_PACKAGE
19,සම්බන්ධ දානෙ,NONE,ROOT -> NEW_CONNECTION_INQUIRY -> PACKAGE_AND_PRICING_INQUIRY -> CHANGE_PACKAGE
20,ආයුබෝවන්.,NONE,ROOT
20,මම කලින් කතා කරේ මම කලින් කතා කරේ.,NONE,ROOT
20,හලෝ ගුඩ් මෝනින්.,NONE,ROOT
20,ආ මම ගාල්ලෙන් නම් කතා කරන්නේ.,NONE,ROOT
20,හරි.,NONE,ROOT
20,මේකේ දැන් අර ඔයාලගේ අර ඉන්ටර්නෙට් ලයින් එකේ අර ෆයිබර් කනෙක්ෂන් එකක් තියෙනවානේ.,NONE,ROOT
20,ඔව්.,NONE,ROOT
20,ඒවා ඉන්ටර්නෙට් ෆයිබර් කනෙක්ෂන් එක ගන්නවා නම් අනිවාර්යයෙන් එස්එල්ටී දුරකථනයක් තියෙන්න ඕනද ගෙදර.,NONE,ROOT
20,වොයිස් ලයින් එකක්.,NONE,ROOT
20,ලෑන්ඩ් ලයින් එකක් තියෙන්න ඕනේ නැහැ ගෙදර.,NONE,ROOT
20,ආ දැන් නම් සර් වොයිස් ලයින් එකට වෙනම චාර්ජ් වෙන්නේ නැහැ.,NONE,ROOT
20,ඉන්ටර්නෙට් ඉන්ටර්නෙට් එකටයි මේ වොයිස් එකයි දෙකම තමයි එකට තියෙන්නේ.,NONE,ROOT
20,වෙනම ලයින් එකක් දෙන්නේ නැහැ දැන් සර්.,NONE,ROOT
20,ආ ඒ කියන්නේ අලුතින් ගන්න පුළුවන් ද එහෙම?,NEW_CONNECTION_INQUIRY,ROOT -> NEW_CONNECTION_INQUIRY
20,ඔව් ඉන්ටර්නෙට් ප්ලස් මේ දැන් ෆයිබර් ස්ටාට් එකනේ තියෙන්නේ.,NONE,ROOT -> NEW_CONNECTION_INQUIRY
20,ඉන්ටර්නෙට් ෆෝන් එකයි දෙකම තමයි රෙන්ටල් එක 2690 වෙන්නේ.,PACKAGE_AND_PRICING_INQUIRY,ROOT -> NEW_CONNECTION_INQUIRY -> PACKAGE_AND_PRICING_INQUIRY
20,මාසෙකට 2690යි නේ.,NONE,ROOT -> NEW_CONNECTION_INQUIRY -> PACKAGE_AND_PRICING_INQUIRY
20,ඔව්.,NONE,ROOT -> NEW_CONNECTION_INQUIRY -> PACKAGE_AND_PRICING_INQUIRY
20,ආ දැන් ඒ කියන්නේ දැන් මම ඉන්නේ ගාල්ල කරාපිටිය හරියෙ තමයි ඉන්නේ මම අපේ ගෙවල් තියෙන්නේ.,NONE,ROOT -> NEW_CONNECTION_INQUIRY -> PACKAGE_AND_PRICING_INQUIRY
20,දැන් එහෙට අලුතින් ලයින් එකක් ගන්න පුළුවන් නේ එහෙනම් නේ.,NEW_CONNECTION_INQUIRY,ROOT -> NEW_CONNECTION_INQUIRY
20,ඔබ ඉන්න ප්‍රදේශයේ දැනට ෆයිබර් තියෙනවා නේ.,NONE,ROOT -> NEW_CONNECTION_INQUIRY
20,ගන්න පුළුවන් සර්.,NONE,ROOT -> NEW_CONNECTION_INQUIRY
20,මම මේ පැත්තේ කොහොමත් ඇති.,NONE,ROOT -> NEW_CONNECTION_INQUIRY
20,මම කියන්නේ ඒ කියන්නේ මේන් රෝඩ් එකට තමයි කිට්ටුව තමයි තියෙන්නේ ගෙවල්.,NONE,ROOT -> NEW_CONNECTION_INQUIRY
20,එහෙම නම් තියෙනවා සර්.,NONE,ROOT -> NEW_CONNECTION_INQUIRY
20,තියෙනවා නේ.,NONE,ROOT -> NEW_CONNECTION_INQUIRY
20,ගන්න පුළුවන් නේ.,NONE,ROOT -> NEW_CONNECTION_INQUIRY
20,ඔව් පුළුවන් සර්.,NONE,ROOT -> NEW_CONNECTION_INQUIRY
20,ආ හා හා හා හා.,NONE,ROOT -> NEW_CONNECTION_INQUIRY
20,එතකොට ඒ කියන්නේ මාසෙකට ජීබී කීයක් හම්බවෙනවද ඒ කනෙක්ෂන් එකෙන්?,NONE,ROOT -> NEW_CONNECTION_INQUIRY
20,ජීබී 80ක් හම්බවෙනවා සර්.,NONE,ROOT -> NEW_CONNECTION_INQUIRY
20,ආ ජීබී 80යි නේ.,NONE,ROOT -> NEW_CONNECTION_INQUIRY
20,එයා ඒ කනෙක්ෂන් එක හොඳයි නේ.,NONE,ROOT -> NEW_CONNECTION_INQUIRY
20,ඒ කියන්නේ ඩයලොග් එකට වඩා හොඳයි නේ.,NONE,ROOT -> NEW_CONNECTION_INQUIRY
20,ඩයලොග් එකට වඩා හොඳයි කොහොමත් සර්.,NONE,ROOT -> NEW_CONNECTION_INQUIRY
20,සිග්නල් තියෙනවා.,NONE,ROOT -> NEW_CONNECTION_INQUIRY
20,හයි ස්පීඩ් තියෙනවා.,NONE,ROOT -> NEW_CONNECTION_INQUIRY
20,එතකොට සම්බන්ධතා ගාස්තුව 12500ක් වෙනවා.,PACKAGE_AND_PRICING_INQUIRY,ROOT -> NEW_CONNECTION_INQUIRY -> PACKAGE_AND_PRICING_INQUIRY
20,කනෙක්ෂන් චාර්ජස් එක් සම්බන්.,NONE,ROOT -> NEW_CONNECTION_INQUIRY -> PACKAGE_AND_PRICING_INQUIRY
20,ආ ඒ කියන්නේ ඒක ෆස්ට් පේමන්ට් එක.,NONE,ROOT -> NEW_CONNECTION_INQUIRY -> PACKAGE_AND_PRICING_INQUIRY
20,ඔව්.,NONE,ROOT -> NEW_CONNECTION_INQUIRY -> PACKAGE_AND_PRICING_INQUIRY
20,ආ ඊට පස්සේ මාසෙන් මාසෙට මාසෙන් මාසෙට 2000 ගාණක්.,NONE,ROOT -> NEW_CONNECTION_INQUIRY -> PACKAGE_AND_PRICING_INQUIRY
20,අර ෆයිබර් ස්ටාට් එක ගත්තොත් තමයි සර් 2690 ප්ලස් ටැක්ස් එක තමයි.,NONE,ROOT -> NEW_CONNECTION_INQUIRY -> PACKAGE_AND_PRICING_INQUIRY
20,එකට අර වෙන්නේ.,NONE,ROOT -> NEW_CONNECTION_INQUIRY -> PACKAGE_AND_PRICING_INQUIRY
20,ඔව්.,NONE,ROOT -> NEW_CONNECTION_INQUIRY -> PACKAGE_AND_PRICING_INQUIRY
20,එතකොට ජීබී 80ක් යූස් කරන්න පුළුවන්.,NONE,ROOT -> NEW_CONNECTION_INQUIRY -> PACKAGE_AND_PRICING_INQUIRY
20,ආ හා හා හා හා.,NONE,ROOT -> NEW_CONNECTION_INQUIRY -> PACKAGE_AND_PRICING_INQUIRY
20,සම්බන්ධතා ගාස්තු ඉතින් ඒ කියන්නේ අර ෆස්ට් ටයිම් ගෙවන එකද 12000 ගාන.,PACKAGE_AND_PRICING_INQUIRY,ROOT -> NEW_CONNECTION_INQUIRY -> PACKAGE_AND_PRICING_INQUIRY
20,ඊට පස්සේ මාසෙන් මාසෙට අර 2000 ගාන.,NONE,ROOT -> NEW_CONNECTION_INQUIRY -> PACKAGE_AND_PRICING_INQUIRY
20,නැත්නම් අපි අර කැමති පැකේජ් එක අනුව තමයි ඒක තීරණය වෙන්නේ නේ.,NONE,ROOT -> NEW_CONNECTION_INQUIRY -> PACKAGE_AND_PRICING_INQUIRY
20,ඔව් ඔව්.,NONE,ROOT -> NEW_CONNECTION_INQUIRY -> PACKAGE_AND_PRICING_INQUIRY
20,ප්ලස් ටැක්ස් එක එකතු වෙලා තමයි නියතව අස්වක්.,NONE,ROOT -> NEW_CONNECTION_INQUIRY -> PACKAGE_AND_PRICING_INQUIRY
20,අහ.,NONE,ROOT -> NEW_CONNECTION_INQUIRY -> PACKAGE_AND_PRICING_INQUIRY
20,ආ හා හා හා.,NONE,ROOT -> NEW_CONNECTION_INQUIRY -> PACKAGE_AND_PRICING_INQUIRY
20,මම එතකොට දැන් අර ඒක ගන්නවා නම් ඒ ඒ කියන්නේ ටෙලිකොම් එකට ගිහිල්ලා ඔක්කොම ඇප්ලයි කරන්න ඕනද?,NONE,ROOT -> NEW_CONNECTION_INQUIRY -> PACKAGE_AND_PRICING_INQUIRY
20,නැහැ යන්න අවශ්‍ය නැහැ සර්.,NONE,ROOT -> NEW_CONNECTION_INQUIRY -> PACKAGE_AND_PRICING_INQUIRY
20,අපිට රික්වෙස්ට් එක යොමු කරන්න පුළුවන් අදාළ රීජන් එකට.,ONLINE_ORDERING,ROOT -> NEW_CONNECTION_INQUIRY -> ONLINE_ORDERING
20,රික්වෙස්ට් එක නේ.,NONE,ROOT -> NEW_CONNECTION_INQUIRY -> ONLINE_ORDERING
20,හරි හරි හරි.,NONE,ROOT -> NEW_CONNECTION_INQUIRY -> ONLINE_ORDERING
20,මම එතකොට මේ නම්බරේට ආයි කෝල් එකක් දැම්මා නම් හරි නේ.,NONE,ROOT -> NEW_CONNECTION_INQUIRY -> ONLINE_ORDERING
20,බලලා.,NONE,ROOT -> NEW_CONNECTION_INQUIRY -> ONLINE_ORDERING
20,ඔව් එහෙම නැත්නම් ඔන්ලයින් ඕඩර් එකක් දාන්නත් පුළුවන් සර්ට.,ONLINE_ORDERING,ROOT -> NEW_CONNECTION_INQUIRY -> ONLINE_ORDERING
20,ඔන්ලයින් ඕඩර් එකක් දාන්න පුළුවන්.,ONLINE_ORDERING,ROOT -> NEW_CONNECTION_INQUIRY -> ONLINE_ORDERING
20,දස දාහා ප්ලස් ටැක්ස් එක එකතු වෙන්නේ.,NONE,ROOT -> NEW_CONNECTION_INQUIRY -> ONLINE_ORDERING
20,එතකොට අපේ සයිට් එකට ගිහිල්ලා රෙජිස්ටර් වෙලා ඔන්ලයින් පේමන්ට් එක කරන්න පුළුවන් සර්ට.,ONLINE_ORDERING,ROOT -> NEW_CONNECTION_INQUIRY -> ONLINE_ORDERING
20,පුළුවන් නේ.,NONE,ROOT -> NEW_CONNECTION_INQUIRY -> ONLINE_ORDERING
20,හරි හරි හරි.,NONE,ROOT -> NEW_CONNECTION_INQUIRY -> ONLINE_ORDERING
20,ඒක පේමන්ට් කරලා දවස් කීයකින් වගේද ඔයාලා එහෙනම් කනෙක්ෂන් එක දෙන්නේ.,INSTALLATION_LEAD_TIME,ROOT -> NEW_CONNECTION_INQUIRY -> ONLINE_ORDERING -> INSTALLATION_LEAD_TIME
20,සර් නේව් කනෙක්ෂන් එක නම් සාමාන්‍යයෙන් සති දෙකක් තමයි.,INSTALLATION_LEAD_TIME,ROOT -> NEW_CONNECTION_INQUIRY -> ONLINE_ORDERING -> INSTALLATION_LEAD_TIME
20,ලූප් එහෙම තියෙනවා නම් හැකි ඉක්මනින් සේවාව සපයනවා.,NONE,ROOT -> NEW_CONNECTION_INQUIRY -> ONLINE_ORDERING -> INSTALLATION_LEAD_TIME
20,සපයනවා නේ.,NONE,ROOT -> NEW_CONNECTION_INQUIRY -> ONLINE_ORDERING -> INSTALLATION_LEAD_TIME
20,හරි හරි හරි.,NONE,ROOT -> NEW_CONNECTION_INQUIRY -> ONLINE_ORDERING -> INSTALLATION_LEAD_TIME
20,මේ මම එහෙම අර වර්ක් ෆ්‍රොම් හෝම් අර ස්ටාට් කරන්නයි ඉන්නේ.,NONE,ROOT -> NEW_CONNECTION_INQUIRY -> ONLINE_ORDERING -> INSTALLATION_LEAD_TIME
20,ඔව්.,NONE,ROOT -> NEW_CONNECTION_INQUIRY -> ONLINE_ORDERING -> INSTALLATION_LEAD_TIME
20,ඒකට ඒ කියන්නේ ඉන්ටර්නෙට් එක ඇති වෙයි නේ.,NONE,ROOT -> NEW_CONNECTION_INQUIRY -> ONLINE_ORDERING -> INSTALLATION_LEAD_TIME
20,ඒ කියන්නේ ස්පීඩ් එකත් එහෙම අනුවත්.,SPEED_INQUIRY,ROOT -> NEW_CONNECTION_INQUIRY -> PACKAGE_AND_PRICING_INQUIRY -> SPEED_INQUIRY
20,ඔව් ඔය මදි නම් සර්ට පැකේජ් එක අප්ග්‍රේඩ් කරගන්න පුළුවන් අපේ හොට්ලයින් එක.,NONE,ROOT -> NEW_CONNECTION_INQUIRY -> PACKAGE_AND_PRICING_INQUIRY -> SPEED_INQUIRY
20,ඔව්.,NONE,ROOT -> NEW_CONNECTION_INQUIRY -> PACKAGE_AND_PRICING_INQUIRY -> SPEED_INQUIRY
20,"නැහැ ඒ කියන්නේ ප්‍රමාණය, ප්‍රමාණය නෙවෙයි අර ස්පීඩ් එක මොකද ඒ කියන්නේ ඩයලොග් වලට වඩා හොඳයි නම් ඇති මට.",SPEED_INQUIRY,ROOT -> NEW_CONNECTION_INQUIRY -> PACKAGE_AND_PRICING_INQUIRY -> SPEED_INQUIRY
20,ඔව් ස්පීඩ් තියෙනවා සර්.,NONE,ROOT -> NEW_CONNECTION_INQUIRY -> PACKAGE_AND_PRICING_INQUIRY -> SPEED_INQUIRY
20,100.,NONE,ROOT -> NEW_CONNECTION_INQUIRY -> PACKAGE_AND_PRICING_INQUIRY -> SPEED_INQUIRY
20,තියෙනවා නේ.,NONE,ROOT -> NEW_CONNECTION_INQUIRY -> PACKAGE_AND_PRICING_INQUIRY -> SPEED_INQUIRY
20,ඔව් සර්.,NONE,ROOT -> NEW_CONNECTION_INQUIRY -> PACKAGE_AND_PRICING_INQUIRY -> SPEED_INQUIRY
20,ඔව්.,NONE,ROOT -> NEW_CONNECTION_INQUIRY -> PACKAGE_AND_PRICING_INQUIRY -> SPEED_INQUIRY
20,ආ හා හා හා.,NONE,ROOT -> NEW_CONNECTION_INQUIRY -> PACKAGE_AND_PRICING_INQUIRY -> SPEED_INQUIRY
20,හරි හරි හරි.,NONE,ROOT -> NEW_CONNECTION_INQUIRY -> PACKAGE_AND_PRICING_INQUIRY -> SPEED_INQUIRY
20,හරි තැන්ක් යූ තැන්ක් යූ.,NONE,ROOT -> NEW_CONNECTION_INQUIRY -> PACKAGE_AND_PRICING_INQUIRY -> SPEED_INQUIRY
20,එහෙනම් මේ මට නම්.,NONE,ROOT -> NEW_CONNECTION_INQUIRY -> PACKAGE_AND_PRICING_INQUIRY -> SPEED_INQUIRY
20,එස්එල්ටී ඔබේ දිනෙන තුවට ස්තූතියි.,NONE,ROOT -> NEW_CONNECTION_INQUIRY -> PACKAGE_AND_PRICING_INQUIRY -> SPEED_INQUIRY
20,සුභ දවසක්.,NONE,ROOT -> NEW_CONNECTION_INQUIRY -> PACKAGE_AND_PRICING_INQUIRY -> SPEED_INQUIRY
